role,job_title,experience,location,salary,skills,Standardized_Job_Title,avg_experience,avg_salary
machine learning engineer,Machine Learning Engineer II,2-7 years,Bengaluru,,"['Computer Science', 'Python', 'Machine Learning', 'Natural Language Processing', 'Perl', 'NoSQL', 'Algorithm Development']",Machine Learning Engineer,4.5,
machine learning engineer,Machine Learning Engineer II,2-7 years,Bengaluru,,"['Computer Science', 'Python', 'Machine Learning', 'Natural Language Processing', 'Perl', 'NoSQL', 'Algorithm Development']",Machine Learning Engineer,4.5,
machine learning engineer,Machine Learning Engineer,8-13 years,"Hyderabad, Pune",,"['Hyderabad', 'Pune']",Machine Learning Engineer,10.5,
machine learning engineer,Associate Machine Learning Engineer,2-5 years,Mumbai,,"['Machine Learning', 'Software Development', 'Problem Solving', 'Data Structures']",Machine Learning Engineer,3.5,
machine learning engineer,ML Engineer - Advanced Analytics,2-5 years,Bengaluru,,"['Design', 'Analytics', 'ML', 'Agile', 'Monitoring Tools', 'Rest']",Analytics,3.5,
machine learning engineer,Machine Learning Engineer II,6-9 years,"Mumbai, Pune",,"['Mumbai', 'Pune']",Machine Learning Engineer,7.5,
machine learning engineer,Machine Learning Engineer,5-8 years,Pune,,"['Python', 'Artificial Intelligence', 'Machine Learning', 'Github', 'Deep Learning', 'Senior', 'Jupyter Notebook']",Machine Learning Engineer,6.5,
machine learning engineer,Machine Learning Engineer (MLOp's),5-10 years,"Hyderabad, Chennai, Bengaluru",,"['Hyderabad', 'Chennai', 'Bengaluru']",Machine Learning Engineer,7.5,
machine learning engineer,Machine Learning Engineer/Data Engineer,3-7 years,Pune,,"['Data Science', 'Python', 'SQL', 'Machine Learning', 'Coding', 'Data Visualization', 'Data Processing', 'Data Security']",Machine Learning Engineer,5.0,
machine learning engineer,Machine Learning Engineer 4,8-13 years,Bengaluru,,"['Adobe', 'Computer Science', 'Python', 'Machine Learning', 'Backend', 'Cloud', 'Monitoring', 'Workflow', 'Adobe Acrobat']",Machine Learning Engineer,10.5,
machine learning engineer,Machine Learning Engineer - Python/NLP (5-8 yrs),5-8 years,,,"['Python', 'Machine Learning', 'Computer Vision', 'Predictive Analytics']",Machine Learning Engineer,6.5,
machine learning engineer,Machine Learning Engineer,5-10 years,"Hyderabad, Chennai, Bengaluru",₹ 3L/yr - 8L/yr,"['Hyderabad', 'Chennai', 'Bengaluru']",Machine Learning Engineer,7.5,550000.0
machine learning engineer,Machine Learning Engineer - II,10-15 years,Bengaluru,,"['Adobe', 'Computer Science', 'Machine Learning', 'Backend', 'Illustrator', 'Photoshop', 'Adobe Acrobat', 'Technical Leadership']",Machine Learning Engineer,12.5,
machine learning engineer,Machine Learning Engineering Manager,7-12 years,Hyderabad,,"['AWS', 'Supply Chain Management', 'Architecture', 'Machine Learning', 'Talent Acquisition', 'Product Management', 'Jenkins', 'Deep Learning', 'Postgresql', 'Docker', 'Pandas', 'Debugging', 'Pytorch', 'EDA', 'Order Fulfillment', 'Matplotlib', 'SQLite']",Machine Learning Engineer,9.5,
machine learning engineer,Digital : Machine Learning E2||Digital : Artificial Intelligence(AI) E,4-6 years,Hyderabad,₹ 4.3L/yr - 11L/yr,"['Python', 'Artificial Intelligence', 'Machine Learning']",Machine Learning Engineer,5.0,350000.0
machine learning engineer,Machine Learning Engineer - 5,3-8 years,Bengaluru,,"['Adobe', 'Computer Science', 'Python', 'Machine Learning', 'Auditing', 'Automation', 'Agile', 'Ruby', 'Metadata', 'Performance Tuning']",Machine Learning Engineer,5.5,
machine learning engineer,Machine Learning Engineer 5,8-10 years,Bengaluru,,"['Adobe', 'Computer Science', 'Python', 'Machine Learning', 'Computer Vision', 'Monitoring', 'Open Source', 'Downstream', 'Prototype', 'Adobe Acrobat']",Machine Learning Engineer,9.0,
machine learning engineer,Machine Learning Engineer II - Agentic Ai,5-7 years,"Mumbai, Pune",,"['Mumbai', 'Pune']",Machine Learning Engineer,6.0,
machine learning engineer,Machine Learning Engineer 5,7-12 years,Noida,,"['Adobe', 'Python', 'Machine Learning', 'Illustrator', 'Photoshop', 'Resource Management', 'Continuous Improvement', 'Orchestration', 'Adobe Acrobat']",Machine Learning Engineer,9.5,
machine learning engineer,Staff Machine Learning Engineer,9-14 years,Bengaluru,,"['Pharmacy', 'Python', 'Supply Chain Management', 'Artificial Intelligence', 'Research', 'Machine Learning', 'Medical', 'Java', 'generative ai', 'Statistics', 'Design', 'Programming', 'ML', 'C', 'Deep Learning', 'Communication Skills', 'System Design', 'Algorithms', 'Order Fulfillment', 'Linkedin Recruiter']",Machine Learning Engineer,11.5,
machine learning engineer,ML Engineer II,4-9 years,Bengaluru,,"['Data Science', 'Data Analysis', 'Python', 'Artificial Intelligence', 'Machine Learning', 'ML', 'R', 'Tensorflow', 'Clustering', 'Pandas', 'Pytorch', 'Data Quality', 'Numpy', 'Regression']",Other,6.5,
machine learning engineer,ML Engineer -Anomaly Project,4-9 years,Hyderabad,,"['AWS', 'Pyspark', 'Tensorflow']",Other,6.5,
machine learning engineer,Machine Learning - OPS,6-9 years,"Noida, Pune, Gurugram",,"['Noida', 'Pune', 'Gurugram']",Machine Learning Engineer,7.5,
machine learning engineer,Warner Bros. Discovery - Machine Learning Engineer/Manager - Media Localization (10-16 yrs),10-16 years,Bengaluru,,"['Artificial Intelligence', 'Machine Learning', 'generative ai', 'Order Fulfillment']",Machine Learning Engineer,13.0,
machine learning engineer,Byteridge - Machine Learning Engineer - Infrastructure & Optimisation (5-7 yrs),5-7 years,"Mumbai, Bengaluru, Hyderabad, Chennai, Pune, Gurugram, Noida",,"['Mumbai', 'Bengaluru', 'Hyderabad', 'Chennai', 'Pune', 'Gurugram', 'Noida']",Machine Learning Engineer,6.0,
machine learning engineer,Machine Learning E2,6-8 years,Hyderabad,₹ 7.5L/yr - 8.9L/yr,"['Artificial Intelligence', 'Machine Learning', 'generative ai']",Machine Learning Engineer,7.0,600000.0
machine learning engineer,Machine Learning Engineer 4,8-13 years,Hyderabad,,"['Adobe', 'Python', 'Machine Learning', 'Backend', 'Cloud', 'Monitoring', 'Adobe Acrobat']",Machine Learning Engineer,10.5,
machine learning engineer,Machine Learning Engineer - GCH,5-10 years,Hyderabad,,"['Computer Science', 'Python', 'Artificial Intelligence', 'Machine Learning', 'Computer Vision', 'Natural Language Processing', 'Data Architecture', 'System Design', 'Continuous Improvement', 'Customer Engagement']",Machine Learning Engineer,7.5,
machine learning engineer,Immediate Hiring_Machine Learning Engineer,8-13 years,"Bengaluru, Mumbai",,"['Bengaluru', 'Mumbai']",Machine Learning Engineer,10.5,
machine learning engineer,Logitech - Audio Machine Learning Engineer - DSP (5-12 yrs),5-12 years,Chennai,,"['Data Science', 'Python', 'Machine Learning', 'Embedded Systems', 'DSP', 'C', 'Deep Learning', 'ARM', 'Signal Processing']",Machine Learning Engineer,8.5,
machine learning engineer,Virtusa - Artificial Intelligence/Machine Learning Engineer - AWS SageMaker (7-12 yrs),7-12 years,"Bengaluru, Hyderabad, Chennai",,"['Bengaluru', 'Hyderabad', 'Chennai']",Machine Learning Engineer,9.5,
machine learning engineer,Optum - Artificial Intelligence/Machine Learning Engineer (7-8 yrs),7-8 years,Hyderabad,,"['Python', 'Artificial Intelligence', 'Machine Learning', 'Brokerage', 'Order Fulfillment']",Machine Learning Engineer,7.5,
machine learning engineer,GlobalLogic - Machine Learning Engineer (5-10 yrs),5-10 years,Hyderabad,,"['Python', 'Machine Learning', 'Cloud', 'Data Warehousing', 'Bigquery']",Machine Learning Engineer,7.5,
machine learning engineer,Tcs is hiring For Digital : Machine Learning E2_Hyderabad,6-8 years,Bengaluru,,"['Artificial Intelligence', 'Machine Learning', 'ML']",Machine Learning Engineer,7.0,
machine learning engineer,"Machine Learning Engineer, Expert",10-15 years,Bengaluru,,"['Customer Service', 'Salesforce', 'SQL', 'Supply Chain', 'Semiconductor', 'Monitoring', 'Automotive', 'Data Quality', 'Forecasting', 'Risk Modeling']",Machine Learning Engineer,12.5,
machine learning engineer,Machine Learning Engineer - II,10-15 years,Noida,,"['Adobe', 'Computer Science', 'Machine Learning', 'Backend', 'Illustrator', 'Photoshop', 'Adobe Acrobat', 'Technical Leadership']",Machine Learning Engineer,12.5,
machine learning engineer,Machine Learning Engineer,4-8 years,"Hyderabad, Pune, Bengaluru",₹ 2L/yr - 7L/yr,"['Hyderabad', 'Pune', 'Bengaluru']",Machine Learning Engineer,6.0,450000.0
machine learning engineer,Machine Learning Engineer,4-7 years,Bengaluru,,"['Digital Marketing', 'Python', 'Machine Learning', 'Analytics', 'Production Engineering', 'Computer Vision', 'Scheduling', 'Deployment', 'Debugging']",Machine Learning Engineer,5.5,
machine learning engineer,Machine Learning Engineer (MLOPS) - PAN INDIA,5-10 years,"Hyderabad, Chennai, Bengaluru",,"['Hyderabad', 'Chennai', 'Bengaluru']",Machine Learning Engineer,7.5,
machine learning engineer,ML Engineer (Azure ML),6-11 years,Noida,,"['Azure DevOps', 'Azure Data Factory']",Other,8.5,
machine learning engineer,Principal Machine Learning Engineer,1-2 years,Bengaluru,,"['Data Analysis', 'Research', 'Machine Learning', 'Management', 'Operations', 'Information Technology', 'Mentoring', 'Monitoring', 'Deployment']",Machine Learning Engineer,1.5,
machine learning engineer,AI/Machine Learning Engineer,4-9 years,Bengaluru,,"['Data Science', 'Machine Learning', 'Retail', 'Training', 'Deep Learning', 'Infrastructure', 'Deployment', 'Data Services']",Machine Learning Engineer,6.5,
machine learning engineer,"Scientist 3, Data Science (Machine Learning Engineer)",3-4 years,Bengaluru,,"['Computer Science', 'Python', 'SQL', 'Machine Learning', 'Backend', 'GCP', 'Scheduling', 'Monitoring', 'Analytical']",Machine Learning Engineer,3.5,
machine learning engineer,UsefulBI Corporation - Artificial Intelligence/Machine Learning Engineer - Generative AI (3-7 yrs),3-7 years,"Bengaluru, Pune, Lucknow",,"['Bengaluru', 'Pune', 'Lucknow']",Machine Learning Engineer,5.0,
machine learning engineer,"Manager, Machine Learning Engineer",12-15 years,Bengaluru,,"['Machine Learning', 'Gaming', 'Computer Vision', 'GCP', 'Release Management', 'Data Modeling', 'Technical Documentation', 'Architectural Design', 'ASR']",Machine Learning Engineer,13.5,
machine learning engineer,Xpressbees - Machine Learning Engineer - Predictive Modeling (6-8 yrs),6-8 years,Maharashtra,,"['Python', 'SQL', 'Machine Learning', 'Tensorflow', 'Pytorch', 'Predictive Modeling', 'Statistical Modeling']",Machine Learning Engineer,7.0,
machine learning engineer,Associate Machine Learning Engineer,2-6 years,Hyderabad,,"['Data Science', 'DevOps', 'AWS', 'Supply Chain Management', 'Cloud Computing', 'Architecture', 'Machine Learning', 'Automation', 'Compliance', 'Data Bricks', 'Business Operations', 'Devsecops', 'Agile', 'Process Automation', 'Order Fulfillment']",Machine Learning Engineer,4.0,
machine learning engineer,Machine Learning Engineer 2,2-4 years,Bengaluru,,"['Python', 'Artificial Intelligence', 'Machine Learning', 'Backend']",Machine Learning Engineer,3.0,
machine learning engineer,Icertis - Machine Learning Engineer (5-10 yrs),5-10 years,Pune,,"['Python', 'Artificial Intelligence', 'Machine Learning', 'Brokerage', 'Data Structures and Algorithms', 'Neural Networks', 'Order Fulfillment', 'Predictive Analytics', 'Pattern Recognition']",Machine Learning Engineer,7.5,
machine learning engineer,Staff Machine Learning Engineer (Agentic AI),5-10 years,Bengaluru,,"['Computer Science', 'Python', 'SQL', 'Networking', 'Machine Learning', 'GCP', 'Monitoring', 'Agile', 'Data Structures', 'System Design']",Machine Learning Engineer,7.5,
machine learning engineer,Machine Learning Engineer,2-8 years,Pune,,"['Machine Learning', 'Management', 'Operations', 'Counselling', 'Risk Management', 'Financial Services', 'Monitoring', 'Analytical', 'Data Validation']",Machine Learning Engineer,5.0,
machine learning engineer,Staff Machine Learning Engineer (Agentic AI),4-8 years,Bengaluru,,"['Computer Science', 'Python', 'AWS', 'SQL', 'Artificial Intelligence', 'Cloud Services', 'Programming', 'Foundation', 'ML', 'GCP', 'CD', 'Microsoft Azure', 'Languages', 'Communication Skills', 'Data Structures', 'Continuous Integration', 'System Design', 'System', 'Algorithms', 'Performance', 'Interpersonal Skills']",Machine Learning Engineer,6.0,
machine learning engineer,Machine Learning Engineer,5-10 years,Hyderabad,,"['Python', 'Machine Learning', 'generative ai', 'Computer Vision', 'Natural Language Processing', 'Deep Learning', 'Tensorflow', 'Neural Networks', 'GCP Cloud']",Machine Learning Engineer,7.5,
machine learning engineer,DE&A - AIML - Machine Learning - AWS Sagemaker,12-15 years,Bengaluru,,"['Architecting', 'Networking', 'Machine Learning', 'Data Migration', 'Technical Documentation', 'Architectural Design', 'VPN', 'Process Design']",Machine Learning Engineer,13.5,
machine learning engineer,Applied AI - Machine Learning Engineer,5-9 years,Hyderabad,,"['Data Science', 'Biotechnology', 'Python', 'AWS', 'Supply Chain Management', 'Cloud Computing', 'Architecture', 'Machine Learning', 'Automation', 'UiPath', 'Compliance', 'Data Bricks', 'Software Development', 'Devsecops', 'Agile', 'Tensorflow', 'Pytorch']",Machine Learning Engineer,7.0,
machine learning engineer,ML engineer(Python),3-6 years,"Pune, Chennai, Bengaluru",,"['Pune', 'Chennai', 'Bengaluru']",Other,4.5,
machine learning engineer,AI/ML Lead,4-6 years,Bengaluru,,"['Python', 'Machine Learning', 'Demand Planning', 'Client Management', 'Forecasting', 'Inventory Planning', 'Demand Forecasting']",Other,5.0,
machine learning engineer,SE/SSE/ML-AI (Search),3-6 years,Noida,,"['Python', 'Machine Learning', 'Tensorflow', 'Flask', 'Pytorch', 'Solr', 'Nltk', 'Spacy']",Other,4.5,
machine learning engineer,"Machine Learning, AI/ML, GCP Professional",4-9 years,Chennai,,"['Data Science', 'Data Analysis', 'Python', 'SQL', 'Machine Learning', 'Data Mining', 'Automation', 'GCP', 'Predictive Modeling']",Machine Learning Engineer,6.5,
machine learning engineer,Machine Learning Engineer (3-5 yrs),3-5 years,,,"['Python', 'Artificial Intelligence', 'Machine Learning', 'Computer Vision', 'Deep Learning']",Machine Learning Engineer,4.0,
machine learning engineer,Machine Learning & Data Engineering Professional,8-15 years,Hyderabad,,"['Python', 'Machine Learning', 'Operations', 'Automation', 'Risk Management', 'Monitoring', 'Orchestration', 'Apache', 'Stakeholder Management', 'Workflow']",Machine Learning Engineer,11.5,
machine learning engineer,Machine Learning Engineer - Gen AI Specialist,5-10 years,Pune,,"['Python', 'Machine Learning', 'generative ai', 'Order Fulfillment']",Machine Learning Engineer,7.5,
machine learning engineer,Machine Learning Engineer - Gen AI Specialist,5-10 years,Nagpur,,"['Python', 'Machine Learning', 'generative ai', 'Order Fulfillment']",Machine Learning Engineer,7.5,
machine learning engineer,Machine Learning Engineer,3-6 years,Bengaluru,₹ 22.5L/yr - 27.5L/yr,"['Data Bricks', 'Pyspark', 'CI CD Pipeline']",Machine Learning Engineer,4.5,1350000.0
machine learning engineer,Machine learning Engineer,5-10 years,"Hyderabad, Chennai, Bengaluru",,"['Hyderabad', 'Chennai', 'Bengaluru']",Machine Learning Engineer,7.5,
machine learning engineer,Machine Learning Engineer,7-9 years,Hyderabad,,"['Data Science', 'Software Engineering', 'DevOps', 'Data Engineering', 'Python', 'AWS', 'Supply Chain Management', 'Machine Learning', 'Kubernetes', 'Azure DevOps', 'Automation', 'Content Management', 'GCP', 'Docker', 'Tensorflow', 'Pytorch', 'Order Fulfillment', 'DevOps Tools']",Machine Learning Engineer,8.0,
machine learning engineer,Data and Machine Learning Engineer,6-11 years,Bengaluru,,"['Python', 'SQL', 'Machine Learning', 'Spark', 'Data Bricks', 'Pyspark', 'Kafka', 'Time Series Analysis', 'Forecasting', 'NoSQL', 'Regression']",Machine Learning Engineer,8.5,
machine learning engineer,Machine Learning & Data Engineer,3-7 years,Hyderabad,,"['Digital Marketing', 'Python', 'SQL', 'Artificial Intelligence', 'Machine Learning', 'Coding', 'Product Management', 'Data Structures', 'Debugging']",Machine Learning Engineer,5.0,
machine learning engineer,Machine Learning Engineer,3-4 years,Mumbai,,"['Data Science', 'Power BI', 'Data Engineering', 'SQL', 'Machine Learning', 'Github', 'Data Visualization', 'Rest API Testing']",Machine Learning Engineer,3.5,
machine learning engineer,Machine Learning Engineer - Evaluation,1-4 years,Bengaluru,,"['Translation', 'Research', 'Machine Learning', 'Auditing', 'Coding', 'Microsoft Power BI', 'Open Source']",Machine Learning Engineer,2.5,
machine learning engineer,"Machine Learning Engineer, Chakra",1-4 years,Bengaluru,,"['Architecting', 'Architecture', 'Machine Learning', 'Management', 'Microsoft Power BI', 'Inside Sales', 'Infrastructure', 'Report Generation']",Machine Learning Engineer,2.5,
machine learning engineer,Machine Learning Engineer III,3-8 years,Bengaluru,,"['Computer Science', 'Machine Learning', 'Talent Acquisition', 'Business Intelligence', 'Bidding', 'Data Structures', 'SEM', 'Debugging', 'Information Management', 'Software Design']",Machine Learning Engineer,5.5,
machine learning engineer,ValueLabs - Artificial Intelligence/Machine Learning Engineer (5-10 yrs),5-10 years,Hyderabad,,"['Power BI', 'Data Analytics', 'Python', 'Artificial Intelligence', 'Machine Learning', 'Deep Learning', 'Data Modeling']",Machine Learning Engineer,7.5,
machine learning engineer,CDM Smith - Artificial Intelligence/Machine Learning Engineer (2-5 yrs),2-5 years,"Bengaluru, Chennai, Pune",,"['Bengaluru', 'Chennai', 'Pune']",Machine Learning Engineer,3.5,
machine learning engineer,Immediate Opening For Machine Learning Engineer,0-1 years,Chennai,,"['Python', 'Artificial Intelligence', 'Machine Learning']",Machine Learning Engineer,0.5,
machine learning engineer,Byteridge - Machine Learning Engineer II (3-5 yrs),3-5 years,Remote,,"['Python', 'Artificial Intelligence', 'Machine Learning', 'Brokerage', 'Tensorflow', 'Pytorch', 'Order Fulfillment', 'Exploratory Data Analysis']",Machine Learning Engineer,4.0,
machine learning engineer,"Machine Learning Engineer Expert, Applications AI Team",10-15 years,Bengaluru,,"['SAP', 'Python', 'Analytics', 'Data Mining', 'Application Development', 'Analytical', 'Product Engineering', 'Software Design', 'Prototype', 'Customer Engagement']",Machine Learning Engineer,12.5,
machine learning engineer,Nextuple - Machine Learning Engineer - Agentic AI Pipelines (2-6 yrs),2-6 years,Bengaluru,,"['Data Science', 'Python', 'Machine Learning', 'Order Fulfillment']",Machine Learning Engineer,4.0,
machine learning engineer,Machine Learning/Gen Ai Engineer,8-10 years,Hyderabad,₹ 20L/yr - 35L/yr,"['Python', 'Machine Learning', 'generative ai', 'Kubernetes', 'Docker', 'Azure Databricks', 'Azure Machine Learning']",Machine Learning Engineer,9.0,2750000.0
machine learning engineer,Principal Machine Learning Engineer,12-17 years,Hyderabad,,"['Data Science', 'Software Engineering', 'Python', 'Supply Chain Management', 'Research', 'Architecture', 'Machine Learning', 'Github', 'Automation', 'Programming', 'Data Bricks', 'Order Fulfillment', 'Technical Leadership']",Machine Learning Engineer,14.5,
machine learning engineer,Machine Learning Engineer,5-7 years,Chennai,,"['Computer Science', 'Python', 'SQL', 'Machine Learning', 'Github', 'Postgresql', 'Data Governance', 'ISO 27001 Lead Auditor', 'Access Control']",Machine Learning Engineer,6.0,
machine learning engineer,"Machine Learning TensorFlow, PyTorch Expert",5-10 years,Hyderabad,,"['Python', 'Machine Learning', 'C++', 'Semiconductor', 'Computer Vision', 'Hardware', 'C', 'Deep Learning', 'Signal Processing']",Machine Learning Engineer,7.5,
machine learning engineer,"Machine Learning   TensorFlow, PyTorch   Expert",5-10 years,Hyderabad,,"['Python', 'Machine Learning', 'C++', 'Semiconductor', 'Computer Vision', 'Hardware', 'C', 'Deep Learning', 'Signal Processing']",Machine Learning Engineer,7.5,
machine learning engineer,Machine Learning Engineer,15-22 years,Bengaluru,,"['Python', 'Machine Learning', 'Programming', 'Training', 'Debugging', 'Ajax']",Machine Learning Engineer,18.5,
machine learning engineer,Artificial Intelligence/Machine Learning Engineer - Generative AI (6-9 yrs),6-9 years,"Bengaluru, Hyderabad, Gurugram",,"['Bengaluru', 'Hyderabad', 'Gurugram']",Machine Learning Engineer,7.5,
machine learning engineer,"Machine Learning Engineer, Apple Intelligence",4-12 years,Bengaluru,₹ 35.7L/yr - 120L/yr,"['Machine Learning', 'Programming', 'Training', 'Natural Language Processing', 'Deployment', 'Product Engineering', 'Architectural Design', 'Focus']",Machine Learning Engineer,8.0,2100000.0
machine learning engineer,Machine Learning Engineer,1-3 years,Chennai,₹ 7L/yr - 15L/yr,"['Python', 'SQL', 'Machine Learning', 'Pandas']",Machine Learning Engineer,2.0,1100000.0
machine learning engineer,Artificial Intelligence & Machine Learning Engineer,3-7 years,Gurugram,,"['Python', 'Artificial Intelligence', 'Machine Learning', 'Django', 'Business Intelligence', 'Computer Vision', 'Deep Learning', 'Flask', 'Opencv', 'Numpy']",Machine Learning Engineer,5.0,
machine learning engineer,Architect - Machine Learning,9-14 years,Mumbai,,"['Python', 'Architecting', 'Machine Learning', 'Catering', 'CRM', 'ERP', 'GCP', 'Monitoring', 'Open Source', 'Metadata']",Machine Learning Engineer,11.5,
machine learning engineer,Staff Machine Learning Engineer,6-11 years,Hyderabad,,"['Digital Marketing', 'Data Science', 'Python', 'Cisco', 'Machine Learning', 'Backend', 'GCP', 'Orchestration', 'System Architecture']",Machine Learning Engineer,8.5,
machine learning engineer,Hinduja Tech - Machine Learning Engineer (5-8 yrs),5-8 years,Chennai,,"['Data Science', 'Data Engineering', 'Python', 'Machine Learning', 'Brokerage']",Machine Learning Engineer,6.5,
machine learning engineer,Machine Learning Engineer I,2-4 years,Chennai,₹ 10L/yr - 15.1L/yr,"['Python', 'Architecture', 'Machine Learning', 'Data Processing', 'Agile', 'Data Structures', 'System Design', 'Continuous Improvement', 'Data Quality', 'Workflow']",Machine Learning Engineer,3.0,1250000.0
machine learning engineer,TE Connectivity - Senior Artificial Intelligence/Machine Learning Engineer (5-8 yrs),5-8 years,Bengaluru,,"['Digital Marketing', 'Data Analytics', 'Python', 'Artificial Intelligence', 'Machine Learning', 'Deep Learning', 'Data Structures and Algorithms', 'Pytorch', 'Data Pipeline']",Machine Learning Engineer,6.5,
machine learning engineer,Machine Learning Engineer - LLM/RAG (7-12 yrs),7-12 years,Noida,,"['Data Science', 'Python', 'AWS', 'Artificial Intelligence', 'Brokerage', 'Pytorch', 'Order Fulfillment']",Machine Learning Engineer,9.5,
machine learning engineer,i2k2 - Machine Learning Engineer (2-6 yrs),2-6 years,"Delhi ncr, New Delhi, Noida, Greater Noida, Faridabad, Ghaziabad",,"['Delhi ncr', 'New Delhi', 'Noida', 'Greater Noida', 'Faridabad', 'Ghaziabad']",Machine Learning Engineer,4.0,
machine learning engineer,Netscribes - Artificial Intelligence/Machine Learning Engineer - Data Science (4-6 yrs),4-6 years,Bengaluru,,"['Data Science', 'Artificial Intelligence', 'Machine Learning', 'Computer Vision', 'Tensorflow', 'Data Modeling', 'Order Fulfillment']",Machine Learning Engineer,5.0,
machine learning engineer,Machine Learning Engineer (MLE) lll,3-8 years,Bengaluru,,"['Digital Marketing', 'Software Engineering', 'Python', 'Machine Learning', 'Java', 'C++', 'Programming', 'Deep Learning', 'Communication Skills', 'Agile', 'Tensorflow', 'Algorithms', 'Pytorch', 'Time Series Analysis', 'Code Review', 'Data Pipeline', 'Keras', 'Model Development']",Machine Learning Engineer,5.5,
machine learning engineer,Machine Learning Engineer (MLE) ll,1-5 years,Bengaluru,,"['Python', 'Machine Learning', 'Java', 'C++', 'Programming', 'Computer Vision', 'Software Development', 'Natural Language Processing', 'Deep Learning', 'Communication Skills', 'Tensorflow', 'Algorithms', 'Pytorch', 'Predictive Modeling']",Machine Learning Engineer,3.0,
machine learning engineer,Machine Learning Engineer II,3-8 years,Bengaluru,,"['Computer Science', 'Machine Learning', 'Android', 'Monitoring', 'Business Strategy', 'Formulation', 'Orchestration', 'Metadata', 'Forecasting']",Machine Learning Engineer,5.5,
machine learning engineer,Machine Learning Engineer,3-5 years,Bengaluru,,"['Digital Marketing', 'Computer Science', 'Python', 'SQL', 'Machine Learning', 'Backend', 'Data Processing', 'System Integration', 'HIPAA']",Machine Learning Engineer,4.0,
machine learning engineer,Machine Learning Engineer I/II,3-7 years,Pune,,"['Architecting', 'Machine Learning', 'Cloud', 'Infrastructure', 'Deployment', 'Technical Leadership', 'Model Development']",Machine Learning Engineer,5.0,
machine learning engineer,Machine Learning Engineer (MLE) lll,5-7 years,Bengaluru,,"['Data Science', 'Software Engineering', 'Data Engineering', 'Python', 'Supply Chain Management', 'Architecture', 'Machine Learning', 'Automation', 'Big Data', 'Spark', 'Kafka', 'Hadoop', 'Tensorflow', 'Data Modeling', 'Pytorch', 'Batch Processing', 'Forecasting', 'Predictive Analytics']",Machine Learning Engineer,6.0,
machine learning engineer,Machine Learning Engineer (MLE) ll,2-4 years,Bengaluru,,"['Data Science', 'Software Engineering', 'Data Engineering', 'Python', 'Supply Chain Management', 'Architecture', 'Machine Learning', 'Automation', 'Big Data', 'Spark', 'Kafka', 'Hadoop', 'Tensorflow', 'Data Modeling', 'Pytorch', 'Batch Processing', 'Forecasting', 'Predictive Analytics']",Machine Learning Engineer,3.0,
machine learning engineer,Machine Learning Engineer,2-4 years,Pune,₹ 4L/yr - 5L/yr,"['Data Engineering', 'Machine Learning', 'Docker', 'Tensorflow', 'Pandas', 'Python Development', 'OCR', 'Numpy', 'Data Pipeline']",Machine Learning Engineer,3.0,450000.0
machine learning engineer,Machine Learning Engineer,1-3 years,Bhubaneswar,,"['Data Analysis', 'Artificial Intelligence', 'Machine Learning', 'Statistics', 'Documentation', 'Data Processing', 'Data Handling', 'Algorithms', 'Workflow']",Machine Learning Engineer,2.0,
machine learning engineer,TechRAQ - Artificial Intelligence/Machine Learning Engineer - Python Programming (3-5 yrs),3-5 years,Hyderabad,,"['Data Analytics', 'Python', 'Artificial Intelligence', 'Machine Learning', 'MySQL', 'Data Modeling', 'Pandas', 'Data Integration', 'Numpy']",Machine Learning Engineer,4.0,
machine learning engineer,TechRAQ - Artificial Intelligence/Machine Learning Engineer - Python (3-5 yrs),3-5 years,Hyderabad,,"['Python', 'Artificial Intelligence', 'Machine Learning', 'Brokerage', 'Pytorch', 'Order Fulfillment']",Machine Learning Engineer,4.0,
machine learning engineer,ML Engineer- Contract,5-10 years,Bengaluru,,"['Python', 'Logistics', 'Artificial Intelligence', 'Machine Learning', 'Information Technology', 'Django', 'Agile', 'Debugging', 'Information Management']",Other,7.5,
machine learning engineer,Antino Labs - Machine Learning Engineer - R/Python (3-5 yrs),3-5 years,Noida,,"['Python', 'Artificial Intelligence', 'Machine Learning', 'R', 'Pandas', 'Time Series Analysis', 'Numpy', 'Predictive Modeling', 'Data Pipeline']",Machine Learning Engineer,4.0,
machine learning engineer,Machine Learning Engineer,1-3 years,Remote,,"['Cloud Services', 'Architecture', 'Automation Testing', 'Machine Learning', 'Infrastructure', 'Technical Documentation', 'Data Quality', 'System Development']",Machine Learning Engineer,2.0,
machine learning engineer,Machine Learning Engineer - NLP/Python (4-6 yrs),4-6 years,Gurugram,,"['Python', 'SQL', 'Artificial Intelligence', 'Machine Learning', 'Big Data', 'Hadoop', 'Data Structures and Algorithms', 'UNIX']",Machine Learning Engineer,5.0,
machine learning engineer,Machine Learning Engineer (5-7 yrs),5-7 years,Gurugram,,"['Data Science', 'Python', 'SQL', 'Machine Learning', 'Java', 'Big Data', 'Data Structures and Algorithms']",Machine Learning Engineer,6.0,
machine learning engineer,Machine Learning Engineer,2-6 years,Kolkata,,"['Python', 'Machine Learning', 'MySQL', 'Monitoring', 'Analytical', 'Open Source', 'System Design', 'Forecasting']",Machine Learning Engineer,4.0,
machine learning engineer,Machine Learning Engineer,1-3 years,Pune,,"['Data Science', 'Python', 'Machine Learning', 'GCP', 'Deep Learning', 'Monitoring', 'Analytical', 'Time Series Analysis', 'Forecasting']",Machine Learning Engineer,2.0,
machine learning engineer,IT engineer Machine Learning,3-5 years,Bengaluru,,"['Computer Science', 'DevOps', 'Python', 'Architecture', 'Machine Learning', 'Automation', 'Monitoring', 'Forecasting', 'Technical Leadership']",Machine Learning Engineer,4.0,
machine learning engineer,"Machine Learning Engineer, Design Verification, Silicon",5-10 years,Bengaluru,,"['Python', 'Machine Learning', 'C++', 'Data Collection', 'Verilog', 'VHDL', 'Hardware Design', 'Simulation', 'UVM']",Machine Learning Engineer,7.5,
machine learning engineer,Machine Learning Physical Design Engineer,4-9 years,Bengaluru,₹ 37.2L/yr - 90L/yr,"['Artificial Intelligence', 'Machine Learning', 'CAD', 'Data Structures', 'Silicon Validation', 'Physical Design', 'Neural Networks', 'Physical Verification']",Machine Learning Engineer,6.5,1950000.0
machine learning engineer,"Machine Learning Compiler Engineer, Silicon",2-7 years,Bengaluru,₹ 16L/yr - 50L/yr,"['Networking', 'Artificial Intelligence', 'Machine Learning', 'C++', 'Natural Language Processing', 'Data Structures', 'System Design', 'Silicon Validation']",Machine Learning Engineer,4.5,3300000.0
machine learning engineer,Machine Learning Engineer - Agentic AI,2-6 years,Hyderabad,,"['Python', 'Artificial Intelligence', 'Healthcare', 'Architecture', 'Machine Learning', 'Java', 'C++', 'Programming', 'Problem Solving', 'Communication Skills', 'Tensorflow', 'Algorithms', 'Pytorch', 'Data Pipeline']",Machine Learning Engineer,4.0,
machine learning engineer,Artificial Intelligence/Machine Learning Engineer - Data Modeling (2-3 yrs),2-3 years,Gurugram,,"['Data Analytics', 'Artificial Intelligence', 'Machine Learning', 'generative ai', 'Data Modeling', 'Order Fulfillment', 'Data Pipeline']",Machine Learning Engineer,2.5,
machine learning engineer,ML Engineer (Classical ML),5-10 years,Vadodara,,"['Data Science', 'Computer Science', 'Python', 'Machine Learning', 'GCP', 'Monitoring', 'Data Governance', 'EPC', 'Construction Engineering', 'Forecasting']",Other,7.5,
machine learning engineer,Machine Learning Engineer,3-5 years,New Delhi,,"['Python', 'Machine Learning', 'Underwriting', 'Data Extraction', 'Neural Networks', 'PCI DSS', 'Risk Assessment', 'SSL', 'Fraud Detection', 'Risk Modeling']",Machine Learning Engineer,4.0,
machine learning engineer,Staff Machine Learning Engineer,8-13 years,Gurugram,,"['Computer Science', 'Python', 'SQL', 'Recruitment', 'Linux', 'Data Management', 'Open Source', 'Agile', 'CVS', 'Debugging']",Machine Learning Engineer,10.5,
machine learning engineer,Machine Learning Engineer (4-8 yrs),4-8 years,Noida,,"['Data Science', 'Data Analytics', 'Python', 'Artificial Intelligence', 'Machine Learning', 'generative ai', 'Deep Learning', 'Tensorflow', 'Data Modeling']",Machine Learning Engineer,6.0,
machine learning engineer,Newgen Software Technologies - Artificial Intelligence/Machine Learning Engineer (0-3 yrs),0-3 years,Noida,,"['Data Science', 'Python', 'AWS', 'SQL', 'Artificial Intelligence', 'Machine Learning', 'Tensorflow', 'Pytorch']",Machine Learning Engineer,1.5,
machine learning engineer,Byteridge - Machine Learning Engineer - Python (3-6 yrs),3-6 years,Remote,,"['Python', 'SQL', 'Artificial Intelligence', 'Machine Learning', 'Brokerage', 'Order Fulfillment']",Machine Learning Engineer,4.5,
machine learning engineer,ML Engineer I,2-5 years,Chennai,₹ 3L/yr - 6L/yr,"['Data Analytics', 'Python', 'Artificial Intelligence', 'Machine Learning']",Other,3.5,450000.0
machine learning engineer,ML Engineer II,2-5 years,Chennai,₹ 4L/yr - 6L/yr,"['Data Analytics', 'Python', 'Artificial Intelligence', 'Machine Learning', 'Statistics', 'Predictive Modeling']",Other,3.5,500000.0
machine learning engineer,Machine Learning Engineer,4-8 years,"Kolkata, Delhi/Ncr, Mumbai",₹ 5L/yr - 12L/yr,"['Kolkata', 'Delhi/Ncr', 'Mumbai']",Machine Learning Engineer,6.0,850000.0
machine learning engineer,Machine Learning Engineer,4-9 years,"Gurugram, Chennai, Bengaluru",₹ 7L/yr - 15L/yr,"['Gurugram', 'Chennai', 'Bengaluru']",Machine Learning Engineer,6.5,1100000.0
machine learning engineer,Machine Learning Engineer,5-10 years,Bengaluru,,"['Data Science', 'Private Banking', 'Finance', 'DevOps', 'Data Engineering', 'Python', 'Architecture', 'Machine Learning', 'Analytics', 'Big Data', 'Data Processing', 'Data Architecture', 'SCALA', 'Cloud Migration', 'Cloud Technologies', 'BI Tools']",Machine Learning Engineer,7.5,
machine learning engineer,Machine Learning Engineer,4-8 years,Bengaluru,,"['Artificial Intelligence', 'Machine Learning', 'ML', 'API', 'Data Cleansing', 'CNN', 'Tensorflow', 'Pytorch', 'AWS Sagemaker', 'Keras']",Machine Learning Engineer,6.0,
machine learning engineer,Machine Learning Engineer - Gen AI Specialist,5-10 years,Pune,,"['Data Science', 'Computer Science', 'Python', 'SQL', 'Healthcare', 'Machine Learning', 'Construction', 'Front End', 'Automation', 'BIM']",Machine Learning Engineer,7.5,
machine learning engineer,ML/AI Engineer,3-5 years,Jaipur,,"['Python', 'AWS', 'C++', 'Cloud', 'Data Privacy', 'Computer Vision', 'GCP', 'Monitoring', 'SLAS']",Other,4.0,
machine learning engineer,Machine Learning Engineer,2-5 years,Pune,,"['Flex', 'Python', 'Machine Learning', 'Operations', 'Coding', 'Analytical', 'Continuous Improvement', 'Unit Testing']",Machine Learning Engineer,3.5,
machine learning engineer,Staff Specialist Machine Learning Engineering,6-10 years,Ahmedabad,,"['Software Testing', 'Software Engineering', 'Python', 'Artificial Intelligence', 'Machine Learning', 'Talent Acquisition', 'Java', 'Recruitment', 'Supply Chain', 'Hiring', 'IoT', 'Javascript', 'ML', 'IT Recruitment', 'Staffing', 'Onboarding', 'Openshift', 'Head Hunting', 'Sourcing', 'Screening', 'Hrsd']",Machine Learning Engineer,8.0,
machine learning engineer,Idexcel Technologies - Artificial Intelligence/Machine Learning Engineer (8-12 yrs),8-12 years,Pune,,"['Python', 'Artificial Intelligence', 'Machine Learning', 'generative ai', 'Brokerage', 'Tensorflow', 'Pytorch', 'Order Fulfillment']",Machine Learning Engineer,10.0,
machine learning engineer,Machine Learning Engineer,2-5 years,Hyderabad,,"['Computer Science', 'Python', 'Machine Learning', 'Business Intelligence']",Machine Learning Engineer,3.5,
machine learning engineer,Principal Machine Learning Engineer,2-7 years,Bengaluru,,"['Software Configuration Management', 'Electronics and Communication', 'Machine Learning', 'Management', 'Coordination']",Machine Learning Engineer,4.5,
machine learning engineer,Machine Learning Engineer - Python (6-10 yrs),6-10 years,Bengaluru,,"['Python', 'SQL', 'Machine Learning', 'Tensorflow', 'Pytorch', 'OOPS']",Machine Learning Engineer,8.0,
machine learning engineer,Machine Learning Engineer,5-8 years,Pune,,"['Python', 'Machine Learning', 'Azure DevOps', 'Pyspark']",Machine Learning Engineer,6.5,
machine learning engineer,Machine Learning Engineer,2-4 years,Bengaluru,,"['Medical Coding', 'Computer Science', 'Python', 'Machine Learning', 'Coding', 'Biomedical', 'Natural Language Processing', 'Signal Processing', 'Claims', 'Testing Tools']",Machine Learning Engineer,3.0,
machine learning engineer,Artificial Intelligence/Machine Learning Engineer (4-8 yrs),4-8 years,Remote,,"['Artificial Intelligence', 'Machine Learning', 'Brokerage', 'Computer Vision', 'Deep Learning', 'Order Fulfillment']",Machine Learning Engineer,6.0,
machine learning engineer,Machine Learning Engineer IV Biometrics,5-10 years,Bengaluru,,"['Python', 'Machine Learning', 'Recruitment', 'Gaming', 'Production Engineering', 'Automation', 'Data Privacy', 'Computer Vision', 'Financial Services', 'Workflow']",Machine Learning Engineer,7.5,
machine learning engineer,Tecblic - Machine Learning Engineer - LLM & Agentic AI (5-8 yrs),5-8 years,Ahmedabad,,"['Python', 'Artificial Intelligence', 'Machine Learning', 'Chatgpt', 'Cloud', 'Deep Learning', 'Tensorflow', 'Pytorch', 'Order Fulfillment']",Machine Learning Engineer,6.5,
machine learning engineer,Machine Learning Engineer - Artificial Intelligence Solutions (7-14 yrs),7-14 years,Pune,,"['Data Science', 'Data Analytics', 'Python', 'Artificial Intelligence', 'Machine Learning', 'Deep Learning', 'Order Fulfillment']",Machine Learning Engineer,10.5,
machine learning engineer,Machine Learning Engineer,2-5 years,Mumbai,,"['Data Analysis', 'Python', 'Machine Learning', 'Big Data', 'Programming', 'Computer Vision', 'Health Insurance', 'Natural Language Processing']",Machine Learning Engineer,3.5,
machine learning engineer,Machine Learning Operations,2-4 years,Mumbai,,"['Python', 'Machine Learning', 'Automation', 'Jenkins', 'Docker', 'Deployment', 'SDLC']",Machine Learning Engineer,3.0,
machine learning engineer,Artificial Intelligence/Machine Learning Engineer (5-7 yrs),5-7 years,Pune,,"['Python', 'Artificial Intelligence', 'Machine Learning', 'Chatgpt', 'Brokerage', 'Tensorflow', 'Pytorch', 'Order Fulfillment']",Machine Learning Engineer,6.0,
machine learning engineer,Machine Learning Engineer - Modeling Focus,5-10 years,Bhubaneswar,,"['Digital Marketing', 'Python', 'Machine Learning', 'Predictive Modeling', 'Rnn']",Machine Learning Engineer,7.5,
machine learning engineer,Python and Machine Learning Engineer,2-7 years,Visakhapatnam,,"['Digital Marketing', 'Manual Testing', 'Python', 'SQL', 'Machine Learning', 'Cloud', 'Django', 'Deep Learning', 'Deployment', 'Mapreduce']",Machine Learning Engineer,4.5,
machine learning engineer,Sleepiz - Machine Learning Engineer - Data Modeling (3-7 yrs),3-7 years,Bhubaneshwar,,"['Data Analytics', 'Python', 'Machine Learning', 'Data Modeling']",Machine Learning Engineer,5.0,
machine learning engineer,Artificial Intelligence/Machine Learning Engineer (3-8 yrs),3-8 years,Chennai,,"['Artificial Intelligence', 'Machine Learning', 'generative ai', 'Brokerage', 'Order Fulfillment']",Machine Learning Engineer,5.5,
machine learning engineer,Applied Machine Learning Engineer,2-4 years,Nagpur,,"['Electrical Engineering', 'Python', 'Machine Learning', 'Information Technology', 'Programming', 'Health Insurance', 'GCP', 'Orchestration', 'Model Development']",Machine Learning Engineer,3.0,
machine learning engineer,Staff Machine Learning Engineer (L4),7-12 years,Remote,,"['Python', 'Artificial Intelligence', 'Healthcare', 'Machine Learning', 'Coding', 'Deep Learning', 'Monitoring', 'Agile', 'Product Engineering']",Machine Learning Engineer,9.5,
machine learning engineer,Antino Labs - Machine Learning Engineer (4-6 yrs),4-6 years,"Delhi ncr, Bengaluru",,"['Delhi ncr', 'Bengaluru']",Machine Learning Engineer,5.0,
machine learning engineer,Machine Learning Engineer,4-9 years,"Bhubaneswar, Mumbai, Indore",,"['Bhubaneswar', 'Mumbai', 'Indore']",Machine Learning Engineer,6.5,
machine learning engineer,Machine Learning Engineer,4-9 years,"Hyderabad, Chennai, Bengaluru",,"['Hyderabad', 'Chennai', 'Bengaluru']",Machine Learning Engineer,6.5,
machine learning engineer,Machine Learning Engineer (8-12 yrs),8-12 years,"Bengaluru, Remote",,"['Bengaluru', 'Remote']",Machine Learning Engineer,10.0,
machine learning engineer,Machine Learning Engineer (8-14 yrs),8-14 years,"Bengaluru, Remote",,"['Bengaluru', 'Remote']",Machine Learning Engineer,11.0,
machine learning engineer,"Software Engineer, Machine Learning II",2-3 years,Chennai,,"['Data Science', 'SQL', 'Machine Learning', 'Backend', 'Spark', 'MongoDB']",Machine Learning Engineer,2.5,
machine learning engineer,MLE Professional with GenAl experience,6-9 years,Pune,,"['Python', 'Backend', 'Cloud', 'Programming', 'Deep Learning', 'Data Processing', 'Transformers', 'Deployment']",Other,7.5,
machine learning engineer,Artificial Intelligence/Machine Learning Engineer - LLM (6-10 yrs),6-10 years,Bengaluru,,"['Data Analytics', 'Python', 'Artificial Intelligence', 'Machine Learning', 'generative ai', 'Tensorflow', 'Data Modeling', 'Order Fulfillment']",Machine Learning Engineer,8.0,
machine learning engineer,Machine Learning Engineer,5-8 years,Bengaluru,,"['Digital Marketing', 'Computer Science', 'Python', 'Machine Learning', 'Backend', 'Computer Vision', 'Data Structures', 'Neural Networks', 'Object Oriented Programming']",Machine Learning Engineer,6.5,
machine learning engineer,Machine Learning Engineer (AI ML),5-9 years,Hyderabad,,"['Digital Marketing', 'Computer Science', 'Python', 'Machine Learning', 'Computer Vision', 'GCP', 'Neural Networks', 'Forecasting', 'Revenue Generation', 'Predictive Modeling']",Machine Learning Engineer,7.0,
machine learning engineer,Machine Learning Engineer III (NLP),8-13 years,Bengaluru,,"['Transcription', 'Administration', 'Healthcare', 'Machine Learning', 'Coding', 'Backend', 'Data Structures', 'System Design', 'Data Quality', 'Workflow']",Machine Learning Engineer,10.5,
machine learning engineer,Codvo.ai - Machine Learning Engineer (5-10 yrs),5-10 years,,,"['Data Science', 'Python', 'Machine Learning', 'Pandas', 'Numpy']",Machine Learning Engineer,7.5,
machine learning engineer,Job openings For Applied Machine Learning Engineer,8-13 years,Hyderabad,,"['Artificial Intelligence', 'Machine Learning', 'Predictive Analytics']",Machine Learning Engineer,10.5,
machine learning engineer,Machine Learning and AI,9-10 years,Mumbai,,"['SAP', 'Information Technology', 'Analytics', 'MS Office', 'Automation', 'CRM', 'CMS', 'SOC', 'SAP CRM', 'Troubleshooting']",Machine Learning Engineer,9.5,
machine learning engineer,Machine Learning Engineer,4-8 years,Remote,,"['Python', 'Machine Learning', 'Analytics', 'SOC', 'Automotive', 'Thermal', 'Product Engineering', 'Telematics', 'Statistical Modeling', 'Model Development']",Machine Learning Engineer,6.0,
machine learning engineer,Python\ML_Professional,2-6 years,Chennai,,"['Manual Testing', 'Python', 'Research', 'Machine Learning', 'Training', 'Deployment', 'Performance Tuning']",Other,4.0,
machine learning engineer,Machine Learning & Python,2-7 years,Chennai,,"['Python', 'Machine Learning', 'Deep Learning']",Machine Learning Engineer,4.5,
machine learning engineer,Python AI ML,5-13 years,Noida,,"['Python', 'Consulting', 'Cloud Services', 'GCP', 'Web Technologies', 'Debugging', 'Interpersonal Skills']",Other,9.0,
machine learning engineer,Machine Learning,2-6 years,Pune,,"['Data Science', 'Consulting', 'Artificial Intelligence', 'Machine Learning']",Machine Learning Engineer,4.0,
machine learning engineer,"ML Engineer, Python/R based model development",2-6 years,Chennai,,"['Python', 'Research', 'Deep Learning', 'Deployment', 'Model Development']",Other,4.0,
machine learning engineer,Machine Learning Engineer III - Recommendation System,5-10 years,Bengaluru,,"['Python', 'Machine Learning', 'Telecom', 'Gaming', 'Analytical', 'Open Source', 'Technical Documentation', 'Accessories', 'Project Delivery']",Machine Learning Engineer,7.5,
machine learning engineer,Machine Learning Engineer I,5-10 years,Bengaluru,,"['Computer Science', 'Customer Service', 'Python', 'Machine Learning', 'Customer Support', 'Automation', 'GCP', 'Monitoring', 'Customer Experience']",Machine Learning Engineer,7.5,
machine learning engineer,Staff Machine Learning Engineer,8-13 years,Bengaluru,,"['Computer Science', 'Customer Service', 'Python', 'Machine Learning', 'Backend', 'Automation', 'GCP', 'Monitoring', 'Customer Experience', 'System Design']",Machine Learning Engineer,10.5,
machine learning engineer,Machine Learning Engineer,5-9 years,Hyderabad,,"['Python', 'Machine Learning', 'Public Speaking', 'Analytical', 'Data Structures', 'Oncology', 'Troubleshooting', 'Data Extraction']",Machine Learning Engineer,7.0,
machine learning engineer,Machine Learning Engineer (8-10 yrs),8-10 years,"Hyderabad, Pune",,"['Hyderabad', 'Pune']",Machine Learning Engineer,9.0,
machine learning engineer,ML/Data Engineer,2-7 years,"Hyderabad, Bengaluru",,"['Hyderabad', 'Bengaluru']",Data Engineer,4.5,
machine learning engineer,Machine Learning Engineer / MLOps Engineer,7-12 years,Bengaluru,,"['Computer Science', 'Python', 'Outsourcing', 'Machine Learning', 'Semiconductor', 'GCP', 'Application Development', 'Orchestration', 'Workflow']",Machine Learning Engineer,9.5,
machine learning engineer,Codvo.ai - Machine Learning Engineer (4-10 yrs),4-10 years,Remote,,"['Data Science', 'Python', 'SQL', 'Machine Learning', 'Tensorflow', 'Pandas', 'Pytorch', 'Numpy']",Machine Learning Engineer,7.0,
machine learning engineer,Machine Learning Engineer,3-5 years,Pune,,"['Power BI', 'Data Analysis', 'Python', 'SQL', 'Machine Learning', 'Tableau', 'Data Visualization', 'Analytical', 'Predictive Modeling']",Machine Learning Engineer,4.0,
machine learning engineer,Machine Learning Engineer - Data Platform (2-7 yrs),2-7 years,Gurugram,,"['Data Science', 'Python', 'Artificial Intelligence', 'Machine Learning', 'Cloud', 'Azure Databricks', 'Tensorflow', 'Pytorch', 'Data Quality']",Machine Learning Engineer,4.5,
machine learning engineer,Staff Machine Learning Engineer,5-10 years,Bangalore / Bengaluru,,"['Python', 'SQL', 'Networking', 'Machine Learning', 'GCP', 'Monitoring', 'Agile', 'Data Structures', 'System Design']",Machine Learning Engineer,7.5,
machine learning engineer,Principal Machine Learning Engineer,3-4 years,Pune,,"['Data Analysis', 'Python', 'SQL', 'Healthcare', 'Machine Learning', 'Supply Chain', 'Data Mining', 'MATLAB', 'Digital Advertising', 'Digital Content']",Machine Learning Engineer,3.5,
machine learning engineer,Machine Learning Engineer 2,3-8 years,Bengaluru,,"['Python', 'SQL', 'Machine Learning', 'Javascript', 'Automation', 'MongoDB', 'Postgresql', 'Orchestration']",Machine Learning Engineer,5.5,
machine learning engineer,Machine Learning Engineer,4-8 years,Bengaluru,,"['Data Science', 'Engineering', 'Python', 'Artificial Intelligence', 'Architecture', 'Machine Learning', 'Computer Vision', 'ML', 'Natural Language Processing', 'Deep Learning', 'CNN', 'Tensorflow', 'Opencv', 'Neural Networks', 'Algorithms', 'Pytorch', 'Numpy', 'Prototype', 'Keras']",Machine Learning Engineer,6.0,
machine learning engineer,Machine Learning Engineer,4-7 years,Remote,,"['Digital Marketing', 'Data Science', 'Python', 'Automation Testing', 'Machine Learning', 'Coding', 'Analytics', 'Scrum', 'Object Oriented Programming']",Machine Learning Engineer,5.5,
machine learning engineer,Machine Learning Engineer - Python Programming (7-10 yrs),7-10 years,Bengaluru,,"['Data Analytics', 'Python', 'SQL', 'Artificial Intelligence', 'Machine Learning', 'Data Warehousing', 'Tensorflow', 'Data Modeling', 'NoSQL']",Machine Learning Engineer,8.5,
machine learning engineer,Tecblic - Machine Learning Engineer - LLM & Agentic AI (6-8 yrs),6-8 years,Ahmedabad,,"['Python', 'Artificial Intelligence', 'Machine Learning', 'Deep Learning', 'Tensorflow', 'Pytorch', 'Order Fulfillment']",Machine Learning Engineer,7.0,
machine learning engineer,Machine Learning Engineer,2-7 years,Hybrid,,"['Python', 'Machine Learning', 'Automation', 'Training', 'Deployment']",Machine Learning Engineer,4.5,
machine learning engineer,Machine Learning Engineer III - Recommendation Systems,6-11 years,Bangalore / Bengaluru,,"['Python', 'Cloud Computing', 'Machine Learning', 'Telecom', 'Analytics', 'Android', 'GCP', 'Accessories', 'Prototype']",Machine Learning Engineer,8.5,
machine learning engineer,Staff Machine Learning Engineer - Recommendation Systems,10-15 years,Bangalore / Bengaluru,,"['Computer Science', 'Python', 'Machine Learning', 'Telecom', 'Gaming', 'Analytics', 'Android', 'Monitoring', 'Operations Research', 'Product Engineering']",Machine Learning Engineer,12.5,
machine learning engineer,Machine Learning Engineer II - Reco Systems & Agentic AI,1-10 years,Bangalore / Bengaluru,₹ 22.5L/yr - 55L/yr,"['Machine Learning', 'Telecom', 'Management', 'Deep Learning', 'Monitoring', 'Accessories', 'Statistical Modeling']",Machine Learning Engineer,5.5,1350000.0
machine learning engineer,ML Engineer- AWS,1-2 years,Sahibzada Ajit Singh Nagar,,"['Data Science', 'Python', 'Consulting', 'Machine Learning', 'Analytics', 'Analytical', 'Data Structures', 'Data Modeling']",Other,1.5,
machine learning engineer,Machine Learning Engineer,0-2 years,Bengaluru,,"['Computer Science', 'Python', 'Machine Learning', 'Coding', 'Data Mining', 'Programming', 'C', 'Deep Learning', 'Mentoring', 'Data Structures']",Machine Learning Engineer,1.0,
machine learning engineer,Machine Learning Engineer,2-6 years,Nagpur,,"['Digital Marketing', 'Data Science', 'Data Analysis', 'Python', 'SQL', 'Machine Learning', 'Data Collection', 'Monitoring']",Machine Learning Engineer,4.0,
machine learning engineer,Staff Machine Learning Engineer,8-10 years,Bangalore / Bengaluru,,"['Python', 'Machine Learning', 'Backend', 'CRM', 'Automotive', 'DMS', 'Debugging', 'Forecasting', 'Prototype']",Machine Learning Engineer,9.0,
machine learning engineer,Staff Machine Learning Engineer,8-13 years,Bengaluru,,"['Computer Science', 'Data Analysis', 'Python', 'SQL', 'Recruitment', 'Gaming', 'Data Mining', 'Financial Services', 'Debugging']",Machine Learning Engineer,10.5,
machine learning engineer,Machine Learning Engineer,0-2 years,Coimbatore,₹ 3L/yr - 5L/yr,"['Data Science', 'Python', 'AWS', 'Artificial Intelligence', 'Machine Learning', 'Statistics', 'Natural Language Processing', 'GCP', 'Deep Learning', 'Algorithms', 'Time Series', 'Time Series Analysis', 'Predictive Modeling', 'Regression', 'Probability']",Machine Learning Engineer,1.0,400000.0
machine learning engineer,Artificial Intelligence/Machine Learning Engineer - LLM Models (7-9 yrs),7-9 years,Bengaluru,,"['Python', 'Artificial Intelligence', 'Machine Learning', 'generative ai', 'Deep Learning', 'Order Fulfillment']",Machine Learning Engineer,8.0,
machine learning engineer,ML Operation Engineer,8-12 years,"Chennai, Delhi/Ncr, Bengaluru",,"['Chennai', 'Delhi/Ncr', 'Bengaluru']",Other,10.0,
machine learning engineer,Machine Learning Engineer,4-9 years,Gurgaon / Gurugram,,"['Python', 'Machine Learning', 'Telecom', 'Coding', 'Linux', 'Data Mining', 'Open Source', 'IVR', 'Predictive Modeling', 'Pattern Recognition']",Machine Learning Engineer,6.5,
machine learning engineer,Machine Learning Engineer,2-5 years,Bengaluru,,"['Data Science', 'Python', 'Machine Learning', 'Computer Vision', 'Analytical', 'Data Structures', 'Data Modeling']",Machine Learning Engineer,3.5,
machine learning engineer,Ml Engineer/ Machine Learning Engineer,3-5 years,Bengaluru,,"['Python', 'SQL', 'Machine Learning', 'Deep Learning', 'Seaborn', 'Kafka', 'Tensorflow', 'Pandas', 'Numpy', 'Matplotlib']",Machine Learning Engineer,4.0,
machine learning engineer,Machine Learning & Data Science Engineer,5-7 years,"Kolkata, Mumbai",,"['Kolkata', 'Mumbai']",Machine Learning Engineer,6.0,
machine learning engineer,ML Engineer Gen AI & LLM,2-6 years,Remote,,"['Spark', 'GCP', 'Microsoft Azure', 'Tensorflow', 'Pandas', 'Pytorch']",Other,4.0,
machine learning engineer,ML Engineer Gen AI & LLM,2-6 years,"Kolkata, Mumbai, New Delhi, Hyderabad, Pune, Chennai, Bengaluru",,"['Kolkata', 'Mumbai', 'New Delhi', 'Hyderabad', 'Pune', 'Chennai', 'Bengaluru']",Other,4.0,
machine learning engineer,Machine Learning Engineer,2-5 years,Bengaluru,,"['Data Analytics', 'Python', 'Machine Learning', 'Mathematics', 'Statistics', 'Computer Vision', 'Deep Learning', 'Data Processing', 'Image Processing', 'Algorithm Development']",Machine Learning Engineer,3.5,
machine learning engineer,Machine Learning Engineer Trainee,1-4 years,Chennai,,"['Python', 'Machine Learning', 'C++', 'C', 'Image Processing']",Machine Learning Engineer,2.5,
machine learning engineer,Machine Learning Engineer (Mid/Senior),4-9 years,New Delhi,,"['Python', 'SQL', 'Artificial Intelligence', 'Machine Learning', 'Recruitment', 'Backend', 'Medical Insurance', 'Data Extraction', 'Deployment', 'Focus']",Machine Learning Engineer,6.5,
machine learning engineer,Machine Learning Engineer,3-6 years,Remote,,"['Python', 'Machine Learning', 'Information Technology', 'Vulnerability Management', 'Analytical', 'Data Structures', 'Data Modeling', 'IT Services', 'Product Engineering', 'Business Solutions']",Machine Learning Engineer,4.5,
machine learning engineer,Machine Learning Engineer,2-7 years,Gurugram,,"['Python', 'Artificial Intelligence', 'Deep Learning']",Machine Learning Engineer,4.5,
machine learning engineer,Machine Learning Engineer,7-9 years,Bengaluru,,"['Data Science', 'Python', 'SQL', 'Artificial Intelligence', 'Machine Learning', 'Computer Vision', 'Natural Language Processing', 'Deep Learning', 'Communication Skills', 'CNN', 'Tensorflow', 'Pandas', 'Opencv', 'Neural Networks', 'Pytorch', 'Numpy', 'Keras', 'Pattern Recognition']",Machine Learning Engineer,8.0,
machine learning engineer,Artificial Intelligence/Machine Learning Engineer (8-12 yrs),8-12 years,"Mumbai, Bengaluru, Pune",,"['Mumbai', 'Bengaluru', 'Pune']",Machine Learning Engineer,10.0,
machine learning engineer,ACV Auctions - Machine Learning Engineer III (5-10 yrs),5-10 years,Chennai,,"['Data Science', 'Python', 'SQL', 'Machine Learning', 'SaaS', 'Bigquery', 'Pytorch', 'Jupyter Notebook']",Machine Learning Engineer,7.5,
machine learning engineer,QX Impact - Machine Learning Engineer (3-10 yrs),3-10 years,Andhra pradesh,,"['Data Analytics', 'Python', 'Machine Learning', 'MySQL', 'Data Modeling', 'Pandas', 'Numpy', 'Statistical Modeling']",Machine Learning Engineer,6.5,
machine learning engineer,Machine Learning Engineer,2-5 years,Bangalore / Bengaluru,,"['Python', 'Modeling', 'Artificial Intelligence', 'Machine Learning', 'Computer Vision', 'ML', 'Natural Language Processing', 'Deep Learning', 'Troubleshooting', 'Neural Networks', 'Algorithms', 'Predictive Modeling', 'Data Pipeline']",Machine Learning Engineer,3.5,
machine learning engineer,Machine Learning Engineer,2-5 years,Ahmedabad,,"['Power BI', 'Computer Science', 'Python', 'Cloud Computing', 'Artificial Intelligence', 'Machine Learning', 'C++', 'Programming', 'Data Visualization', 'Analytical Skills']",Machine Learning Engineer,3.5,
machine learning engineer,MACHINE LEARNING ENGINEER,5-10 years,Gurugram,,"['Python', 'Machine Learning', 'Web Development', 'Linux', 'Training', 'Hardware', 'Deep Learning', 'Opencv', 'Data Quality']",Machine Learning Engineer,7.5,
machine learning engineer,Machine Learning Engineer,1-3 years,Thiruvananthapuram,,"['Python', 'AWS', 'SQL', 'Machine Learning', 'Life Sciences', 'Big Data', 'Spark', 'Computer Vision', 'Product Design', 'Team Building']",Machine Learning Engineer,2.0,
machine learning engineer,AI/ML Machine Learning Engineer,4-6 years,Mumbai,,"['Data Science', 'Python', 'Artificial Intelligence', 'Machine Learning', 'Big Data', 'Spark', 'ML', 'Natural Language Processing', 'Deep Learning', 'Kafka', 'R', 'Communication Skills', 'Tensorflow', 'Elastic Search', 'SIEM', 'Pytorch', 'Elk', 'Soar', 'Kibana', 'Logstash']",Machine Learning Engineer,5.0,
machine learning engineer,Machine Learning Engineer,2-4 years,Noida,,"['Computer Science', 'Python', 'Machine Learning', 'Analytics', 'Monitoring', 'Infrastructure', 'Continuous Improvement', 'Prototype']",Machine Learning Engineer,3.0,
machine learning engineer,Machine Learning Engineer,2-4 years,Bengaluru,,"['Computer Science', 'Python', 'Machine Learning', 'Analytics', 'Monitoring', 'Infrastructure', 'Continuous Improvement', 'Prototype']",Machine Learning Engineer,3.0,
machine learning engineer,Machine Learning Engineer,2-7 years,"Mumbai, Pune",,"['Mumbai', 'Pune']",Machine Learning Engineer,4.5,
machine learning engineer,Machine Learning Engineer,5-8 years,Bengaluru,,"['Flex', 'Translation', 'Python', 'SQL', 'Machine Learning', 'Social Media', 'GCP', 'Deep Learning', 'Data Collection', 'Agile']",Machine Learning Engineer,6.5,
machine learning engineer,Tecblic - Machine Learning Engineer - LLM & Agentic AI (3-6 yrs),3-6 years,Ahmedabad,,"['Python', 'Machine Learning', 'Deep Learning', 'Tensorflow', 'Pytorch', 'Order Fulfillment']",Machine Learning Engineer,4.5,
machine learning engineer,Machine Learning Engineer,2-3 years,Bengaluru,₹ 16.8L/yr - 22.2L/yr,"['Python', 'Machine Learning', 'Trade', 'Automation', 'Training', 'SaaS', 'Open Source', 'Debugging', 'ASR', 'Model Development']",Machine Learning Engineer,2.5,1200000.0
machine learning engineer,ML/AI Developer,3-5 years,Visakhapatnam,,"['Python', 'Machine Learning', 'Linux', 'Training', 'Hardware', 'Data Collection', 'Data Structures', 'Data Modeling', 'Deployment', 'Data Quality']",Other,4.0,
machine learning engineer,DataNimbus - Machine Learning Engineer (3-5 yrs),3-5 years,Hyderabad,,"['Machine Learning', 'Brokerage', 'Azure Databricks', 'Tensorflow', 'Pytorch', 'Order Fulfillment']",Machine Learning Engineer,4.0,
machine learning engineer,Staff Machine Learning Engineer,8-10 years,Bengaluru,,"['Python', 'Logistics', 'SQL', 'Machine Learning', 'Coding', 'Supply Chain', 'Automation', 'Monitoring', 'Agile']",Machine Learning Engineer,9.0,
machine learning engineer,Staff Machine Learning Engineer,5-10 years,Bengaluru,,"['Computer Science', 'Python', 'SQL', 'Machine Learning', 'Data Mining', 'Natural Language Processing', 'GCP', 'Analytical', 'SCALA']",Machine Learning Engineer,7.5,
machine learning engineer,Machine Learning Engineer,5-10 years,Mumbai,,"['Python', 'Outsourcing', 'NDA', 'Artificial Intelligence', 'Machine Learning', 'Big Data', 'PDF', 'Analytical', 'Neural Networks', 'VAT']",Machine Learning Engineer,7.5,
machine learning engineer,Machine Learning Engineer,2-3 years,Nagpur,,,Machine Learning Engineer,2.5,
machine learning engineer,GenAI Professional - LLMs and Applied ML,2-3 years,Remote,,"['Digital Marketing', 'Python', 'AWS', 'Machine Learning', 'Coding', 'Backend', 'Front End', 'Cloud', 'Natural Language Processing']",Other,2.5,
machine learning engineer,Machine Learning Engineer,1-6 years,New Delhi,,"['Python', 'SQL', 'Artificial Intelligence', 'Machine Learning', 'Recruitment', 'Medical Insurance', 'Analytical', 'Forecasting']",Machine Learning Engineer,3.5,
machine learning engineer,Machine Learning Data Engineer,2-7 years,Bengaluru,,"['Python', 'GIS', 'SQL', 'Machine Learning', 'Project Management', 'Analytics', 'Automation', 'Arcgis', 'Prototype']",Machine Learning Engineer,4.5,
machine learning engineer,Machine Learning Engineer,3-10 years,Hyderabad,,"['Digital Marketing', 'Python', 'Machine Learning', 'C++', 'Linux', 'Release Management', 'Data Structures', 'Image Processing', 'Data Quality', 'Integration Testing']",Machine Learning Engineer,6.5,
machine learning engineer,Machine Learning Engineer,4-8 years,Gurgaon / Gurugram,,"['Data Science', 'Supervision', 'Python', 'Machine Learning', 'Robotics', 'Training', 'Transformers', 'Deployment', 'Sensors']",Machine Learning Engineer,6.0,
machine learning engineer,AI & Machine Learning Engineer,2-5 years,Bengaluru,,"['Python', 'Machine Learning', 'Operations', 'Analytics', 'Computer Vision', 'Robotics', 'Deep Learning', 'Signal Processing', 'Manufacturing Operations']",Machine Learning Engineer,3.5,
machine learning engineer,Data Analytics & Machine Learning Engineer,2-6 years,Bengaluru,,"['Python', 'SQL', 'Machine Learning', 'Operations', 'Analytics', 'Robotics', 'ERP', 'Data Processing', 'Analytical', 'Sensors']",Machine Learning Engineer,4.0,
machine learning engineer,Senior AI Machine Learning Engineer,5-10 years,Bangalore / Bengaluru,,"['Python', 'Machine Learning', 'Analytics', 'Automation', 'Computer Vision', 'Production Support', 'Monitoring', 'IT Services', 'SDK']",Machine Learning Engineer,7.5,
machine learning engineer,Machine Learning Engineer ( Contractual ),4-9 years,New Delhi,₹ 6L/yr - 9.6L/yr,"['Machine Learning', 'OCR']",Machine Learning Engineer,6.5,750000.0
machine learning engineer,,6-11 years,"Chennai, Bengaluru",₹ 15L/yr - 45L/yr,"['Chennai', 'Bengaluru']",Other,8.5,3000000.0
machine learning engineer,,3-8 years,"Bhubaneswar, Indore, Bengaluru",₹ 18L/yr - 22.5L/yr,"['Bhubaneswar', 'Indore', 'Bengaluru']",Other,5.5,2000000.0
machine learning engineer,,3-5 years,Bengaluru,,"['Data Analytics', 'Python', 'SQL', 'Artificial Intelligence', 'Machine Learning', 'Computer Vision', 'Deep Learning', 'Data Modeling', 'Data Pipeline']",Other,4.0,
machine learning engineer,,3-5 years,Chennai,₹ 4L/yr - 24.2L/yr,"['Artificial Intelligence', 'ML', 'GCP', 'Terraform', 'Bigquery']",Other,4.0,1400000.0
machine learning engineer,,5-10 years,Bengaluru,₹ 5L/yr - 40L/yr,"['Python', 'Machine Learning', 'Natural Language Processing', 'Deep Learning', 'Tensorflow', 'AWS Sagemaker']",Other,7.5,2250000.0
machine learning engineer,,7-12 years,Hyderabad,₹ 3.6L/yr - 40L/yr,"['Python', 'AWS', 'SQL', 'Azure DevOps', 'Chatgpt', 'Aiml', 'MongoDB', 'GCP', 'Deep Learning', 'Docker', 'Tensorflow', 'Elastic Search', 'Microservices', 'Pytorch', 'Huggingface', 'Bert']",Other,9.5,450000.0
machine learning engineer,Zenalyst.AI - Lead Artificial Intelligence/Machine Learning Engineer (3-6 yrs),3-6 years,Bengaluru,,"['Python', 'Artificial Intelligence', 'Machine Learning', 'ETL', 'Pyspark', 'Azure Databricks', 'Data Warehousing', 'Data Modeling', 'Order Fulfillment', 'Data Pipeline']",Machine Learning Engineer,4.5,
machine learning engineer,Machine Learning Engineer,3-5 years,Bhubaneswar,,"['Python', 'Research', 'Machine Learning', 'Statistics', 'Computer Vision', 'Deep Learning', 'Deployment', 'Predictive Analytics']",Machine Learning Engineer,4.0,
machine learning engineer,Machine Learning Engineer,2-5 years,Remote,,,Machine Learning Engineer,3.5,
machine learning engineer,Machine Learning,2-7 years,Pune,,"['Python', 'Machine Learning', 'Data Mining', 'Android', 'Analytical', 'Data Structures', 'Product Engineering', 'Video Conferencing', 'QOS']",Machine Learning Engineer,4.5,
machine learning engineer,,8-13 years,"Kolkata, Ahmedabad, Bengaluru",₹ 3L/yr - 90L/yr,"['Kolkata', 'Ahmedabad', 'Bengaluru']",Other,10.5,4650000.0
machine learning engineer,,3-5 years,Chennai,₹ 15L/yr - 20L/yr,"['Python', 'SQL', 'Machine Learning', 'Aiml', 'API', 'GCP', 'Postgresql', 'Terraform', 'Pyspark', 'Bigquery', 'Data Flow', 'Airflow']",Other,4.0,1750000.0
machine learning engineer,,3-8 years,Bengaluru,₹ 3L/yr - 90L/yr,"['Python', 'Artificial Intelligence', 'Machine Learning', 'Kubernetes', 'Computer Vision', 'Natural Language Processing', 'Deep Learning', 'CNN', 'Tensorflow', 'Image Processing', 'Opencv', 'Pytorch', 'Keras', 'Algorithm Development', 'Pattern Recognition', 'Rnn', 'Object Detection']",Other,5.5,4650000.0
machine learning engineer,,7-10 years,Bengaluru,₹ 4L/yr - 75L/yr,"['Artificial Intelligence', 'Machine Learning', 'Order Fulfillment']",Other,8.5,3950000.0
machine learning engineer,Machine Learning Engineer,1-2 years,"Panipat, Yamunanagar, Faridabad, Sonipat, Gurgaon / Gurugram, Hisar",,"['Panipat', 'Yamunanagar', 'Faridabad', 'Sonipat', 'Gurgaon / Gurugram', 'Hisar']",Machine Learning Engineer,1.5,
machine learning engineer,Machine Learning Software Engineer (GPU / ROCm / CUDA / C++ / Python),3-8 years,Hyderabad / Secunderabad,,"['Computer Science', 'Python', 'Architecture', 'Machine Learning', 'C++', 'Linux', 'Deep Learning', 'Powershell']",Machine Learning Engineer,5.5,
machine learning engineer,Machine learning engineer,3-5 years,Hyderabad,,"['Data Analysis', 'Python', 'SQL', 'Machine Learning', 'Statistics', 'C++', 'SCALA', 'OOPS', 'Autopilot', 'Performance Improvement']",Machine Learning Engineer,4.0,
machine learning engineer,Artificial Intelligence / Machine Learning Engineer,1-6 years,Nagpur,,"['Computer Science', 'Python', 'Artificial Intelligence', 'Healthcare', 'Machine Learning', 'Data Visualization', 'Infrastructure', 'Image Processing', 'Deployment']",Machine Learning Engineer,3.5,
machine learning engineer,,3-10 years,Remote,,"['Artificial Intelligence', 'Machine Learning', 'generative ai', 'Brokerage', 'Order Fulfillment']",Other,6.5,
machine learning engineer,,8-12 years,Noida,,"['Artificial Intelligence', 'Machine Learning', 'System Design', 'Order Fulfillment']",Other,10.0,
machine learning engineer,,10-12 years,Pune,₹ 5L/yr - 22L/yr,"['Python', 'Machine Learning', 'Kubernetes', 'Data Bricks', 'Pyspark', 'Docker']",Other,11.0,1350000.0
machine learning engineer,Artificial Intelligence/Machine Learning Engineer - Optical Character Recognition (5-7 yrs),5-7 years,Bengaluru,,"['Python', 'Artificial Intelligence', 'Machine Learning', 'Jenkins', 'Deep Learning', 'Tensorflow', 'Flask', 'Opencv', 'Pytorch']",Machine Learning Engineer,6.0,
machine learning engineer,Volody - Artificial Intelligence & Machine Learning Engineer (1-5 yrs),1-5 years,Mumbai,,"['Artificial Intelligence', 'Machine Learning']",Machine Learning Engineer,3.0,
machine learning engineer,,5-7 years,"Bengaluru, Hyderabad",,"['Bengaluru', 'Hyderabad']",Other,6.0,
machine learning engineer,,3-6 years,Gurugram,₹ 4.6L/yr - 54L/yr,"['Power BI', 'Python', 'SQL', 'Machine Learning', 'Tableau', 'Data Visualization']",Other,4.5,500000.0
machine learning engineer,,6-10 years,Bengaluru,₹ 4.1L/yr - 40L/yr,"['Python', 'SQL', 'Machine Learning', 'Data Modeling']",Other,8.0,250000.0
machine learning engineer,Machine Learning Engineer,3-6 years,Bengaluru,,"['Computer Science', 'Python', 'Machine Learning', 'Backend', 'Linux', 'Data Structures', 'System Design', 'Troubleshooting', 'Apache', 'JSON']",Machine Learning Engineer,4.5,
machine learning engineer,Machine Learning Engineer - AWS & MLOps,2-6 years,Kochi,,"['Python', 'AWS', 'Machine Learning', 'Programming', 'Compliance', 'Data Governance', 'Monitoring Tools', 'Orchestration', 'Apache']",Machine Learning Engineer,4.0,
machine learning engineer,Machine Learning Engineer,3-4 years,Hyderabad,,"['Computer Science', 'Python', 'Artificial Intelligence', 'Machine Learning', 'Health Insurance', 'Data Visualization', 'Monitoring', 'Open Source', 'Data Quality']",Machine Learning Engineer,3.5,
machine learning engineer,Machine Learning Engineer (Fine-tuning / Applied),3-6 years,Chennai,,"['Legal', 'Python', 'Machine Learning', 'Coding', 'Product Management', 'Training', 'SaaS', 'Open Source', 'Transformers', 'Questionnaire Design']",Machine Learning Engineer,4.5,
machine learning engineer,,3-5 years,Noida,,"['Python', 'SQL', 'Artificial Intelligence', 'Machine Learning', 'Pandas', 'Numpy', 'Data Pipeline']",Other,4.0,
machine learning engineer,,7-10 years,,,"['Data Analytics', 'Python', 'Machine Learning', 'Brokerage', 'Tensorflow', 'Data Modeling', 'Neural Networks', 'Pytorch', 'Order Fulfillment', 'Exploratory Data Analysis']",Other,8.5,
machine learning engineer,,5-10 years,"Hyderabad, Pune, Gurugram, Chennai, Bengaluru, Mumbai",₹ 20L/yr - 35L/yr,"['Hyderabad', 'Pune', 'Gurugram', 'Chennai', 'Bengaluru', 'Mumbai']",Other,7.5,2750000.0
machine learning engineer,JForce Solutions - Machine Learning Engineer (0-2 yrs),0-2 years,"Mumbai, Navi Mumbai, Thane",,"['Mumbai', 'Navi Mumbai', 'Thane']",Machine Learning Engineer,1.0,
machine learning engineer,Machine Learning Engineer Contract r,2-4 years,Hyderabad,,"['Data Analysis', 'Python', 'Healthcare', 'Machine Learning', 'Coding', 'Computer Vision', 'Open Source', 'Architectural Design', 'Data Quality']",Machine Learning Engineer,3.0,
machine learning engineer,Machine Learning Engineer,3-5 years,Hyderabad,,"['Data Analysis', 'Python', 'Healthcare', 'Machine Learning', 'Coding', 'Computer Vision', 'Open Source', 'Architectural Design', 'Data Quality']",Machine Learning Engineer,4.0,
machine learning engineer,Goodscore - Artificial Intelligence/Machine Learning Engineer (2-5 yrs),2-5 years,Bengaluru,,"['Data Science', 'Artificial Intelligence', 'Machine Learning']",Machine Learning Engineer,3.5,
machine learning engineer,AI/Machine Learning Engineer,2-6 years,Pune,,"['Python', 'Machine Learning', '3D Modeling', 'Programming', 'Computer Vision', 'Deep Learning', 'Analytical', 'Image Processing', 'Analytical Skills', 'Algorithm Development']",Machine Learning Engineer,4.0,
machine learning engineer,Machine Learning Engineer (Speech) - AI,3-7 years,Remote,,"['Transcription', 'Python', 'Machine Learning', 'Linux', 'Agile', 'Silicon Validation', 'ASR']",Machine Learning Engineer,5.0,
machine learning engineer,Machine Learning Engineer,2-7 years,"Indore, Chennai",,"['Indore', 'Chennai']",Machine Learning Engineer,4.5,
machine learning engineer,Machine Learning Engineer (6-14 yrs),6-14 years,Chennai,,"['Data Science', 'Python', 'Artificial Intelligence', 'Machine Learning', 'C++', 'Deep Learning', 'Tensorflow']",Machine Learning Engineer,10.0,
machine learning engineer,Machine Learning Engineer,2-5 years,Ambattur,,"['Python', 'Animation', 'Machine Learning', 'Gaming', 'VFX', 'Cloud', 'Computer Vision', 'Training', 'Opencv', 'Deployment']",Machine Learning Engineer,3.5,
machine learning engineer,Machine Learning Engineer - Computer Vision/NLP,5-10 years,Pune,,"['Data Analysis', 'SQL', 'Machine Learning', 'MATLAB', 'R', 'Quantitative', 'Communication Skills', 'Tensorflow', 'Qualitative Research', 'Hive', 'Neural Networks', 'Algorithms', 'Pytorch', 'Numpy', 'NoSQL']",Machine Learning Engineer,7.5,
machine learning engineer,,5-8 years,Bengaluru,,"['Python', 'Machine Learning', 'Brokerage', 'Computer Vision', 'Tensorflow', 'Pytorch', 'Order Fulfillment']",Other,6.5,
machine learning engineer,,4-5 years,"Sahibzada Ajit Singh Nagar, Gurugram",₹ 15L/yr - 18L/yr,"['Sahibzada Ajit Singh Nagar', 'Gurugram']",Other,4.5,1650000.0
machine learning engineer,,1-5 years,Gurugram,₹ 7L/yr - 12L/yr,"['Data Science', 'Power BI', 'Python', 'AWS', 'Supply Chain Management', 'SQL', 'Machine Learning', 'Product Management', 'ML', 'API', 'Order Fulfillment']",Other,3.0,950000.0
machine learning engineer,,3-5 years,"Noida, Gurugram, Delhi/Ncr",₹ 7L/yr - 15L/yr,"['Noida', 'Gurugram', 'Delhi/Ncr']",Other,4.0,1100000.0
machine learning engineer,,3-8 years,"New Delhi, Gurugram",₹ 5.5L/yr - 9L/yr,"['New Delhi', 'Gurugram']",Other,5.5,500000.0
machine learning engineer,,1-2 years,Gurugram,₹ 5L/yr - 7L/yr,"['Python', 'Artificial Intelligence', 'Machine Learning', 'Tensorflow', 'Pytorch']",Other,1.5,600000.0
machine learning engineer,,3-8 years,"New Delhi, Gurugram",₹ 6L/yr - 9L/yr,"['New Delhi', 'Gurugram']",Other,5.5,750000.0
machine learning engineer,,3-8 years,"New Delhi, Gurugram",₹ 6L/yr - 9L/yr,"['New Delhi', 'Gurugram']",Other,5.5,750000.0
machine learning engineer,,2-7 years,Gurugram,₹ 8.5L/yr - 12L/yr,"['Digital Marketing', 'Python', 'SQL', 'Artificial Intelligence', 'Machine Learning', 'AWS Cloud', 'Deep Learning', 'Tensorflow', 'Data Handling', 'Pandas', 'Pytorch', 'Numpy']",Other,4.5,650000.0
machine learning engineer,Machine Learning (ML) Engineer,1-3 years,Patna,,"['Digital Marketing', 'Python', 'SQL', 'Machine Learning', 'Computer Vision', 'GCP', 'Data Processing', 'Data Governance']",Machine Learning Engineer,2.0,
machine learning engineer,,5-10 years,Hyderabad,₹ 4.2L/yr - 60L/yr,"['Python', 'AWS', 'Supply Chain Management', 'Machine Learning', 'Kubernetes', 'Azure DevOps', 'Analytics', 'Cloud', 'ML', 'GCP', 'Docker', 'Agile', 'Tensorflow', 'Airflow', 'Microservices', 'Scrum', 'Pytorch', 'Cloud Native', 'Leadership Skills']",Other,7.5,300000.0
machine learning engineer,,6-12 years,Remote,,"['Data Analytics', 'Artificial Intelligence', 'Machine Learning', 'generative ai', 'Brokerage', 'Data Modeling', 'Pytorch', 'Order Fulfillment']",Other,9.0,
machine learning engineer,,0-3 years,Visakhapatnam,₹ 6L/yr - 10.3L/yr,"['Python', 'AWS', 'SQL', 'Artificial Intelligence', 'Machine Learning', 'GCP', 'Microsoft Azure', 'Deep Learning', 'Tensorflow', 'Pandas', 'Python Development', 'Pytorch', 'Numpy', 'Predictive Modeling']",Other,1.5,800000.0
machine learning engineer,Machine Learning Engineer,2-5 years,Noida,,"['Python', 'Machine Learning', 'Programming', 'Deep Learning', 'Data Structures', 'Web Application', 'Application Design']",Machine Learning Engineer,3.5,
machine learning engineer,,6-8 years,Delhi/Ncr,₹ 5L/yr - 53L/yr,"['Python', 'SQL', 'GCP', 'Deep Learning']",Other,7.0,2900000.0
machine learning engineer,,6-8 years,Chennai,₹ 3L/yr - 36.2L/yr,"['Python', 'SQL', 'GCP', 'Deep Learning']",Other,7.0,1950000.0
machine learning engineer,,6-8 years,New Delhi,₹ 5L/yr - 53L/yr,"['Python', 'SQL', 'GCP', 'Deep Learning']",Other,7.0,2900000.0
machine learning engineer,,8-13 years,Pune,₹ 9L/yr - 29L/yr,"['Digital Marketing', 'Python', 'AWS', 'Kubernetes', 'Terraform', 'Docker', 'Tensorflow', 'Pytorch']",Other,10.5,1900000.0
machine learning engineer,,8-13 years,Bengaluru,₹ 6L/yr - 60L/yr,"['Digital Marketing', 'Python', 'AWS', 'Kubernetes', 'Terraform', 'Docker', 'Tensorflow', 'Pytorch']",Other,10.5,3300000.0
machine learning engineer,,8-13 years,Hyderabad,₹ 6L/yr - 60L/yr,"['Digital Marketing', 'Python', 'AWS', 'Kubernetes', 'Terraform', 'Docker', 'Tensorflow', 'Pytorch']",Other,10.5,3300000.0
machine learning engineer,,2-6 years,"Noida, Hyderabad, Bengaluru",₹ 1.5L/yr - 58L/yr,"['Noida', 'Hyderabad', 'Bengaluru']",Other,4.0,300000.0
machine learning engineer,Machine Learning Engineer (T25),6-11 years,Bengaluru,,"['Computer Science', 'Python', 'Machine Learning', 'Coding', 'Backend', 'Data Processing', 'SCALA', 'Data Structures', 'Software Design']",Machine Learning Engineer,8.5,
machine learning engineer,Machine Learning Engineer,2-7 years,Noida,,"['Computer Science', 'Python', 'Artificial Intelligence', 'Machine Learning', 'Recruitment', 'Data Mining', 'Monitoring', 'Open Source', 'Data Structures', 'Silicon Validation']",Machine Learning Engineer,4.5,
machine learning engineer,Machine Learning Engineer,2-5 years,"New Delhi, Gurugram",,"['New Delhi', 'Gurugram']",Machine Learning Engineer,3.5,
machine learning engineer,,5-10 years,Remote,,"['Data Science', 'Python', 'Machine Learning', 'Azure DevOps', 'Order Fulfillment']",Other,7.5,
machine learning engineer,,8-12 years,Bengaluru,₹ 15L/yr - 30L/yr,"['Artificial Intelligence', 'Machine Learning', 'Natural Language Processing', 'Tensorflow', 'Pytorch']",Other,10.0,2250000.0
machine learning engineer,Python ML Engineer,2-7 years,Noida,,"['Computer Science', 'Python', 'SQL', 'Machine Learning', 'Computer Vision', 'GCP', 'Monitoring', 'Analytical', 'Monitoring Tools', 'Deployment']",Other,4.5,
machine learning engineer,Data Scientist/Machine Learning Engineer (2-5 yrs),2-5 years,Mumbai,,"['Data Science', 'Python', 'Machine Learning', 'Deep Learning', 'Tensorflow', 'Pytorch', 'Predictive Modeling', 'Statistical Modeling']",Data Scientist,3.5,
machine learning engineer,Machine Learning Engineer,1-3 years,Hyderabad / Secunderabad,₹ 6L/yr - 14L/yr,,Machine Learning Engineer,2.0,1000000.0
machine learning engineer,Machine Learning Engineer,2-5 years,Chennai,,"['Computer Science', 'Machine Learning', 'Mathematics', 'Packaging', 'Github', 'Automation', 'Monitoring', 'Analytical', 'System Design']",Machine Learning Engineer,3.5,
machine learning engineer,Machine Learning ( ML ) Engineer,4-9 years,Mumbai,,"['Data Science', 'Manual Testing', 'Computer Science', 'Artificial Intelligence', 'Research', 'Machine Learning', 'Statistics', 'Programming', 'Training']",Machine Learning Engineer,6.5,
machine learning engineer,,3-6 years,"Jaipur, Rajasthan",,"['Jaipur', 'Rajasthan']",Other,4.5,
machine learning engineer,,5-9 years,Bhubaneswar,₹ 10L/yr - 15L/yr,,Other,7.0,1250000.0
machine learning engineer,,5-9 years,Indore,₹ 10L/yr - 15L/yr,,Other,7.0,1250000.0
machine learning engineer,,6-8 years,Bengaluru,₹ 26L/yr - 65L/yr,"['Python', 'Machine Learning', 'Kubernetes', 'Brokerage', 'GCP', 'Docker', 'Tensorflow', 'Pricing', 'Pytorch', 'Order Fulfillment']",Other,7.0,4550000.0
machine learning engineer,,5-10 years,,,"['Python', 'Machine Learning', 'Computer Vision', 'Pandas', 'Opencv', 'Pytorch', 'Numpy']",Other,7.5,
machine learning engineer,Machine Learning Engineer,5-10 years,Mumbai,,"['Teaching', 'Hospital Administration', 'Research', 'Machine Learning', 'Auditing', 'Production', 'Training', 'Data Quality']",Machine Learning Engineer,7.5,
machine learning engineer,,5-10 years,,,"['Data Analytics', 'Python', 'Machine Learning', 'Brokerage', 'Data Modeling', 'Order Fulfillment', 'Predictive Modeling']",Other,7.5,
machine learning engineer,,6-10 years,Chennai,,"['Python', 'Machine Learning', 'ETL', 'Exploratory Data Analysis']",Other,8.0,
machine learning engineer,Machine Learning Engineer,2-5 years,New Delhi,,"['Python', 'Modeling', 'Artificial Intelligence', 'Machine Learning', 'Computer Vision', 'ML', 'Natural Language Processing', 'Deep Learning', 'Troubleshooting', 'Neural Networks', 'Algorithms', 'Predictive Modeling', 'Data Pipeline']",Machine Learning Engineer,3.5,
machine learning engineer,Machine Learning Engineer,20-25 years,Remote,,"['Computer Science', 'Hospital Administration', 'Research', 'Machine Learning', 'Training', 'Authoring', 'Data Quality', 'Analytical Skills']",Machine Learning Engineer,22.5,
machine learning engineer,Machine Learning Engineer,2-5 years,Dehradun,,"['Software Testing', 'Python', 'Modeling', 'Machine Learning', 'Computer Vision', 'ML', 'Natural Language Processing', 'Deep Learning', 'Troubleshooting', 'Algorithms', 'Predictive Modeling', 'Data Pipeline']",Machine Learning Engineer,3.5,
machine learning engineer,,2-5 years,"Mumbai, Navi Mumbai",,"['Mumbai', 'Navi Mumbai']",Other,3.5,
machine learning engineer,,5-10 years,Remote,,"['Python', 'AWS', 'Machine Learning', 'Azure DevOps', 'Data Mining', 'Big Data', 'Brokerage', 'Deep Learning', 'Pytorch']",Other,7.5,
machine learning engineer,Staff Machine Learning Engineer,8-13 years,Chennai,,"['Computer Science', 'SQL', 'Healthcare', 'Machine Learning', 'Recruitment', 'Data Mining', 'Data Processing', 'Wellness', 'Data Quality']",Machine Learning Engineer,10.5,
machine learning engineer,Machine Learning Engineer,0-2 years,Mumbai,,"['Legal', 'Finance', 'Research', 'Healthcare', 'Machine Learning', 'Deep Learning', 'Regulatory Compliance', 'Deployment', 'Debugging']",Machine Learning Engineer,1.0,
machine learning engineer,Machine Learning Engineer,20-25 years,Remote,,"['Teaching', 'Hospital Administration', 'Research', 'Machine Learning', 'Auditing', 'Production', 'Training', 'Data Quality']",Machine Learning Engineer,22.5,
machine learning engineer,Staff Machine Learning Engineer,8-13 years,Bengaluru,,"['Computer Science', 'SQL', 'Healthcare', 'Machine Learning', 'Recruitment', 'Data Mining', 'Data Processing', 'Wellness', 'Data Quality']",Machine Learning Engineer,10.5,
machine learning engineer,,10-18 years,Bengaluru,,"['Python', 'Artificial Intelligence', 'Machine Learning', 'Brokerage', 'Order Fulfillment', 'System Architecture']",Other,14.0,
machine learning engineer,Machine Learning Engineer,3-5 years,Gurugram,,"['Machine Learning', 'Packaging', 'Health Insurance', 'Natural Language Processing', 'Data Structures', 'Equity', 'Neural Networks', 'Text Analytics']",Machine Learning Engineer,4.0,
machine learning engineer,Artificial Intelligence/Machine Learning Engineer (8-12 yrs),8-12 years,Hyderabad,,"['Data Analytics', 'Python', 'Artificial Intelligence', 'Machine Learning', 'Azure Databricks', 'Tensorflow', 'Data Modeling', 'Pytorch', 'Order Fulfillment']",Machine Learning Engineer,10.0,
machine learning engineer,Machine Learning Engineer,2-5 years,Hyderabad,,"['Python', 'Modeling', 'Artificial Intelligence', 'Machine Learning', 'Computer Vision', 'ML', 'Natural Language Processing', 'Deep Learning', 'Troubleshooting', 'Neural Networks', 'Algorithms', 'Predictive Modeling', 'Data Pipeline']",Machine Learning Engineer,3.5,
machine learning engineer,Machine Learn Eng 4 Professional,12-17 years,Pune,,"['Customer Service', 'Semiconductor', 'Hardware', 'Intellectual Property', 'Automotive', 'FPGA', 'Debugging', 'Focus', 'Consumer Electronics', 'Product Innovation']",Other,14.5,
machine learning engineer,Machine Learn Engineer 4,7-12 years,Pune,,"['Customer Service', 'Semiconductor', 'Hardware', 'Intellectual Property', 'Automotive', 'FPGA', 'Debugging', 'Focus', 'Consumer Electronics', 'Product Innovation']",Other,9.5,
machine learning engineer,Machine Learn Engineer,15-20 years,Pune,,"['Customer Service', 'Semiconductor', 'Hardware', 'Intellectual Property', 'Automotive', 'Deployment', 'Neural Networks', 'Consumer Electronics', 'Manufacturing Operations', 'Product Innovation']",Other,17.5,
machine learning engineer,Machine Learning Engineer,3-5 years,Hyderabad,,"['Computer Science', 'Data Analysis', 'Python', 'Machine Learning', 'MATLAB', 'Firmware', 'Sensors', 'Team Building', 'Pattern Recognition']",Machine Learning Engineer,4.0,
machine learning engineer,Machine Learning Engineer,2-5 years,Bangalore / Bengaluru,,"['Machine Learning', 'Analytical']",Machine Learning Engineer,3.5,
machine learning engineer,Machine Learning Engineer,2-6 years,"Kolkata, Mumbai, New Delhi, Hyderabad / Secunderabad, Pune, Chennai, Bangalore / Bengaluru",,"['Kolkata', 'Mumbai', 'New Delhi', 'Hyderabad / Secunderabad', 'Pune', 'Chennai', 'Bangalore / Bengaluru']",Machine Learning Engineer,4.0,
machine learning engineer,Machine Learning Engineers,2-4 years,Kochi,,"['Python', 'Artificial Intelligence', 'Machine Learning', 'Computer Vision', 'Deep Learning', 'Signal Processing', 'Image Processing', 'Neural Networks', 'Web Application Development']",Machine Learning Engineer,3.0,
machine learning engineer,ML Engineer (ML models),1-4 years,Remote,,"['Computer Science', 'Supervision', 'Research', 'Training', 'Natural Language Processing', 'Deep Learning', 'Transformers', 'Deployment', 'Prototype']",Other,2.5,
machine learning engineer,"Python, Machine Learning/AI Software Engineer",2-6 years,Hyderabad / Secunderabad,,"['Manual Testing', 'Computer Science', 'Python', 'Research', 'Machine Learning', 'Programming', 'Analytical Skills']",Machine Learning Engineer,4.0,
machine learning engineer,"Python, Machine Learning/AI Software Engineer",2-6 years,Hyderabad / Secunderabad,,"['Data Science', 'Data Analytics', 'Python', 'Machine Learning']",Machine Learning Engineer,4.0,
machine learning engineer,Machine Learning Engineer,3-6 years,Bengaluru,,"['Data Analysis', 'Python', 'Logistics', 'SQL', 'Machine Learning', 'Supply Chain', 'Data Processing', 'Analytical', 'Continuous Improvement']",Machine Learning Engineer,4.5,
machine learning engineer,Python-ML Engineer,3-4 years,Agartala,,"['Python', 'Machine Learning', 'Data Collection', 'Operational Excellence', 'Orchestration', 'Debugging', 'Process Automation', 'Control System', 'Product Quality']",Other,3.5,
machine learning engineer,,2-5 years,Bengaluru,,"['Digital Marketing', 'Python', 'Machine Learning', 'Brokerage', 'Computer Vision', 'Deep Learning', 'Opencv']",Other,3.5,
machine learning engineer,,5-15 years,Remote,,"['Data Science', 'Data Engineering', 'Python', 'Machine Learning', 'ETL', 'Azure Databricks', 'Tensorflow']",Other,10.0,
machine learning engineer,,3-7 years,Chhatrapati Sambhajinagar,,"['Python', 'Machine Learning', 'Computer Vision', 'Tensorflow', 'Image Processing', 'Opencv', 'Pytorch']",Other,5.0,
machine learning engineer,ML Engineer Snowflake,3-8 years,Chennai,,"['Python', 'Healthcare', 'Financial Services', 'Monitoring', 'Technical Documentation', 'Orchestration', 'Forecasting', 'Cortex']",Other,5.5,
machine learning engineer,ML Engineer Snowflake,3-8 years,Bengaluru,,"['Python', 'Healthcare', 'Financial Services', 'Monitoring', 'Technical Documentation', 'Orchestration', 'Forecasting', 'Cortex']",Other,5.5,
machine learning engineer,ML Engineer GCP,4-8 years,Hyderabad,,"['Healthcare', 'Management', 'Retail', 'Cloud', 'Automation', 'GCP', 'Financial Services', 'Deployment', 'Technical Documentation']",Other,6.0,
machine learning engineer,Machine Learning Engineer,3-7 years,"Visakhapatnam, Hyderabad",,"['Visakhapatnam', 'Hyderabad']",Machine Learning Engineer,5.0,
machine learning engineer,Machine Learning and Signal Processing Engineer,2-5 years,Chennai,,"['Python', 'Machine Learning', 'Training', 'Deep Learning', 'Signal Processing', 'Signalling', 'Deployment', 'Analytical Skills']",Machine Learning Engineer,3.5,
machine learning engineer,Machine learning Engineer,9-14 years,Bengaluru,,"['Data Science', 'Networking', 'Artificial Intelligence', 'Machine Learning', 'Analytics', 'Big Data', 'Skill Development', 'Wellness', 'Quantitative Research']",Machine Learning Engineer,11.5,
machine learning engineer,Computer Vision/Machine Learning Engineer,2-5 years,Bangalore / Bengaluru,,"['Computer Science', 'Python', 'Machine Learning', 'Mathematics', 'C++', 'Programming', 'Computer Vision', 'Natural Language Processing', 'CD', 'Agile', 'Continuous Integration', 'Tensorflow', 'Opencv', 'Pytorch', 'Agile Methodology', 'Keras']",Machine Learning Engineer,3.5,
machine learning engineer,Machine Learning Engineer,8-13 years,Bangalore / Bengaluru,,"['Data Science', 'Python', 'Machine Learning', 'Analytics', 'Data Mining', 'Computer Vision', 'Natural Language Processing', 'Business Strategy']",Machine Learning Engineer,10.5,
machine learning engineer,Machine Learning (NLP),3-7 years,Gurugram,,"['Python', 'Cloud Computing', 'Machine Learning', 'Backend', 'Front End', 'Analytics', 'HTML', 'Django', 'Monitoring', 'Data Structures']",Machine Learning Engineer,5.0,
machine learning engineer,Machine Learning (NLP),2-7 years,Gurugram,,"['Python', 'Cloud Computing', 'Machine Learning', 'Customer Support', 'Backend', 'Front End', 'Django', 'Natural Language Processing', 'Monitoring', 'Data Structures']",Machine Learning Engineer,4.5,
machine learning engineer,Machine Learning Engineer,5-10 years,Hyderabad / Secunderabad,,"['Data Science', 'Computer Science', 'Engineering', 'Python', 'AWS', 'Architecture', 'Machine Learning', 'Statistics', 'Spark', 'ML', 'Natural Language Processing', 'GCP', 'Microsoft Azure', 'Operations Research', 'Tensorflow', 'Pandas', 'Pytorch', 'Apache', 'Nltk', 'Microsoft Flow']",Machine Learning Engineer,7.5,
machine learning engineer,Engineer - ML,5-10 years,"Kolkata, Mumbai, New Delhi, Hyderabad / Secunderabad, Pune, Chennai, Bangalore / Bengaluru",,"['Kolkata', 'Mumbai', 'New Delhi', 'Hyderabad / Secunderabad', 'Pune', 'Chennai', 'Bangalore / Bengaluru']",Other,7.5,
machine learning engineer,ML AI R&D,2-4 years,Mumbai,₹ 4.4L/yr - 13L/yr,"['Data Science', 'Computer Science', 'Python', 'Cloud Computing', 'Machine Learning', 'Computer Vision', 'Deep Learning', 'Data Processing', 'Image Processing', 'Object Oriented Programming']",Other,3.0,400000.0
machine learning engineer,Machine Learning Engineer,3-5 years,Chandigarh,,"['Python', 'Machine Learning', 'Backend', 'Computer Vision', 'Training', 'Deployment']",Machine Learning Engineer,4.0,
machine learning engineer,Machine Learning Engineer,1-3 years,Gurugram,,"['Computer Science', 'Python', 'Machine Learning', 'Big Data', 'Programming', 'Deep Learning', 'Power Sector', 'Analytical', 'Data Manipulation']",Machine Learning Engineer,2.0,
machine learning engineer,,4-7 years,"Delhi ncr, Bengaluru, Hyderabad, Chennai, Pune",,"['Delhi ncr', 'Bengaluru', 'Hyderabad', 'Chennai', 'Pune']",Other,5.5,
machine learning engineer,Deep Learning Complier Engineer,7-12 years,Pune,,"['Python', 'Java', 'Design', 'Programming', 'C', 'Deep Learning', 'Tensorflow', 'Pytorch']",Other,9.5,
machine learning engineer,Machine Learning Engineer,4-9 years,Chennai,,"['Python', 'SQL', 'Machine Learning', 'Automation', 'Business Intelligence', 'Data Processing', 'Forecasting', 'Workflow', 'Application Programming', 'Customer Segmentation']",Machine Learning Engineer,6.5,
machine learning engineer,Machine Learning & Generative AI Engineer (Female Candidates),3-7 years,"Visakhapatnam, Hyderabad",,"['Visakhapatnam', 'Hyderabad']",Machine Learning Engineer,5.0,
machine learning engineer,Artificial Intelligence / Machine Learning Engineer,2-6 years,Noida,,"['Data Analysis', 'Python', 'SQL', 'Machine Learning', 'Data Mining', 'Data Processing', 'Agile', 'Business Solutions']",Machine Learning Engineer,4.0,
machine learning engineer,Machine Learning Engineer,2-6 years,Bengaluru,,"['Python', 'Research', 'Coding', 'Training', 'PDF', 'Infrastructure', 'Open Source', 'Focus', 'Team Building']",Machine Learning Engineer,4.0,
machine learning engineer,,12-20 years,Hyderabad,,"['Python', 'Artificial Intelligence', 'Machine Learning', 'Java', 'Cloud', 'Big Data', 'SCALA', 'Order Fulfillment']",Other,16.0,
machine learning engineer,,8-12 years,"Kochi, Thiruvananthapuram",,"['Kochi', 'Thiruvananthapuram']",Other,10.0,
machine learning engineer,Machine Learning Engineer,2-5 years,Ahmedabad,,"['Python', 'Machine Learning', 'C++', 'Computer Vision', 'Natural Language Processing', 'Data Structures', 'Image Processing', 'Opencv', 'Continuous Improvement']",Machine Learning Engineer,3.5,
machine learning engineer,Machine Learning Engineer,0-5 years,Hyderabad,,"['Computer Science', 'Python', 'Machine Learning', 'Coding', 'Linux', 'Computer Vision', 'Data Structures', 'Debugging', 'SAN', 'TDD']",Machine Learning Engineer,2.5,
machine learning engineer,,4-9 years,"Singapore, International/Overseas",,"['Singapore', 'International/Overseas']",Other,6.5,
machine learning engineer,,7-9 years,"Bengaluru, Metros",,"['Bengaluru', 'Metros']",Other,8.0,
machine learning engineer,,3-6 years,Coimbatore,,"['Python', 'AWS', 'Artificial Intelligence', 'generative ai', 'Order Fulfillment']",Other,4.5,
machine learning engineer,ML Engineer - Runtime,4-9 years,Remote,,"['Python', 'Artificial Intelligence', 'Architecture', 'Machine Learning', 'C++', 'Programming', 'ML', 'Natural Language Processing', 'Deep Learning', 'Pipeline', 'Tensorflow', 'Neural Networks', 'Debugging', 'Pytorch', 'Compression']",Other,6.5,
machine learning engineer,Machine Learning Engineer,2-5 years,"Kolkata, Mumbai, New Delhi, Hyderabad, Pune, Chennai, Bengaluru",,"['Kolkata', 'Mumbai', 'New Delhi', 'Hyderabad', 'Pune', 'Chennai', 'Bengaluru']",Machine Learning Engineer,3.5,
machine learning engineer,Machine Learning Engineer,2-5 years,"Kolkata, Mumbai, New Delhi, Hyderabad, Pune, Chennai, Bengaluru",,"['Kolkata', 'Mumbai', 'New Delhi', 'Hyderabad', 'Pune', 'Chennai', 'Bengaluru']",Machine Learning Engineer,3.5,
machine learning engineer,Machine Learning Engineer,2-5 years,"Kolkata, Mumbai, New Delhi, Hyderabad, Pune, Chennai, Bengaluru",,"['Kolkata', 'Mumbai', 'New Delhi', 'Hyderabad', 'Pune', 'Chennai', 'Bengaluru']",Machine Learning Engineer,3.5,
machine learning engineer,Machine Learning Engineer,2-5 years,"Kolkata, Mumbai, New Delhi, Hyderabad, Pune, Chennai, Bengaluru",,"['Kolkata', 'Mumbai', 'New Delhi', 'Hyderabad', 'Pune', 'Chennai', 'Bengaluru']",Machine Learning Engineer,3.5,
machine learning engineer,Machine Learning Engineer,2-5 years,"Kolkata, Mumbai, New Delhi, Hyderabad, Pune, Chennai, Bengaluru",,"['Kolkata', 'Mumbai', 'New Delhi', 'Hyderabad', 'Pune', 'Chennai', 'Bengaluru']",Machine Learning Engineer,3.5,
machine learning engineer,Machine Learning Engineer,2-5 years,"Kolkata, Mumbai, New Delhi, Hyderabad, Pune, Chennai, Bengaluru",,"['Kolkata', 'Mumbai', 'New Delhi', 'Hyderabad', 'Pune', 'Chennai', 'Bengaluru']",Machine Learning Engineer,3.5,
machine learning engineer,,7-11 years,"Pune, Coimbatore",,"['Pune', 'Coimbatore']",Other,9.0,
machine learning engineer,,3-6 years,Bengaluru,,"['Data Science', 'Python', 'Machine Learning', 'IoT', 'DSP', 'Signal Processing', 'Tensorflow', 'Pytorch']",Other,4.5,
machine learning engineer,Machine Learning Engineer,3-7 years,Bengaluru,,"['Manual Testing', 'Python', 'Machine Learning', 'Production Engineering', 'Automation', 'Big Data', 'Data Processing', 'Monitoring', 'Open Source', 'Model Development']",Machine Learning Engineer,5.0,
machine learning engineer,,7-14 years,Pune,,"['Data Analytics', 'Python', 'Artificial Intelligence', 'Machine Learning', 'Deep Learning', 'Data Modeling', 'Pytorch', 'Data Pipeline']",Other,10.5,
machine learning engineer,"ML Engineer, Applied Science",2-7 years,"Kolkata, Mumbai, New Delhi, Hyderabad, Pune, Chennai, Bengaluru",,"['Kolkata', 'Mumbai', 'New Delhi', 'Hyderabad', 'Pune', 'Chennai', 'Bengaluru']",Other,4.5,
machine learning engineer,Machine Learning Engineer - 2,4-7 years,Bengaluru,,"['Python', 'AWS', 'Artificial Intelligence', 'Machine Learning', 'Django', 'Programming', 'Computer Vision', 'Training', 'Natural Language Processing', 'Deep Learning', 'Data Structures', 'Tensorflow', 'Pandas', 'Algorithms', 'Pytorch', 'Numpy', 'Matplotlib', 'Keras', 'System Development']",Machine Learning Engineer,5.5,
machine learning engineer,,6-15 years,Bengaluru,,"['Python', 'Artificial Intelligence', 'Machine Learning', 'Deep Learning', 'Tensorflow', 'Pytorch', 'Order Fulfillment']",Other,10.5,
machine learning engineer,,3-5 years,,,"['Python', 'Artificial Intelligence', 'Machine Learning', 'Brokerage', 'Computer Vision', 'Tensorflow', 'Pytorch', 'Order Fulfillment']",Other,4.0,
machine learning engineer,,0-1 years,Hyderabad,,"['Data Science', 'Python', 'Artificial Intelligence', 'Machine Learning', 'generative ai', 'Brokerage', 'Deep Learning', 'Order Fulfillment']",Other,0.5,
machine learning engineer,Machine Learning Engineer,3-6 years,Bengaluru,,"['Python', 'Machine Learning', 'Operations', 'Automation', 'Monitoring', 'Continuous Improvement', 'Product Engineering', 'Debugging', 'Performance Tuning']",Machine Learning Engineer,4.5,
machine learning engineer,Machine Learning Engineer (SDE 2),2-7 years,Bangalore / Bengaluru,,"['Python', 'Research', 'Machine Learning', 'Java', 'Programming', 'Computer Vision', 'Software Development', 'Natural Language Processing', 'Deep Learning', 'Tensorflow', 'Algorithms', 'Pytorch']",Machine Learning Engineer,4.5,
machine learning engineer,Machine Learning Engineer,2-7 years,Chennai,,"['Data Science', 'Software Engineering', 'DevOps', 'Artificial Intelligence', 'Machine Learning', 'Linux', 'Computer Vision', 'ML', 'Natural Language Processing', 'Deep Learning', 'Problem Solving', 'Wireless', 'Data Structures', 'Algorithms']",Machine Learning Engineer,4.5,
machine learning engineer,Machine Learning Engineer,2-5 years,Bhubaneswar,,"['Data Science', 'Python', 'Artificial Intelligence', 'Machine Learning', 'Computer Vision', 'Natural Language Processing', 'Deep Learning', 'Tensorflow', 'Opencv', 'Neural Networks', 'Predictive Modeling', 'Keras', 'Pattern Recognition', 'Text Mining', 'Text Analytics']",Machine Learning Engineer,3.5,
machine learning engineer,Machine Learning Engineer,3-8 years,Bengaluru,,"['Digital Marketing', 'Python', 'SQL', 'Machine Learning', 'Backend', 'Computer Vision', 'Open Source', 'Debugging', 'Prototype']",Machine Learning Engineer,5.5,
machine learning engineer,,5-6 years,Bengaluru,₹ 5L/yr - 50L/yr,"['Data Analysis', 'Salesforce', 'Python', 'Machine Learning', 'Talent Acquisition', 'Recruitment', 'Analytics', 'ERP', 'Algorithm Development']",Other,5.5,2750000.0
machine learning engineer,Machine Learning Engineer,2-5 years,New Delhi,,"['Computer Science', 'Supervision', 'Python', 'Machine Learning', 'C++', 'Javascript', 'Robotics', 'Deployment', 'Project Development']",Machine Learning Engineer,3.5,
machine learning engineer,Machine Learning Engineer,3-6 years,Bengaluru,,"['Data Science', 'Python', 'Cloud Computing', 'Research', 'Machine Learning', 'GCP', 'Microsoft Azure', 'Deployment']",Machine Learning Engineer,4.5,
machine learning engineer,,8-10 years,Bengaluru,₹ 6L/yr - 75L/yr,"['Digital Marketing', 'Python', 'SQL', 'Machine Learning', 'Project Management', 'Natural Language Processing', 'Agile', 'Data Quality']",Other,9.0,4050000.0
machine learning engineer,Machine Learning Engineer,2-5 years,New Delhi,,"['Manual Testing', 'Python', 'Machine Learning', 'International', 'Monitoring', 'Infrastructure', 'Deployment']",Machine Learning Engineer,3.5,
machine learning engineer,Machine Learning Engineer,2-4 years,Mumbai,,"['Sales', 'Research', 'Social Media', 'Windows System Administration', 'Computer Vision', 'Technical Leadership']",Machine Learning Engineer,3.0,
machine learning engineer,Machine Learning Engineer,2-5 years,New Delhi,,"['Data Science', 'Artificial Intelligence', 'Machine Learning', 'Statistics', 'Programming']",Machine Learning Engineer,3.5,
machine learning engineer,Machine Learning Engineer,2-5 years,"Kolkata, Mumbai, New Delhi, Hyderabad, Pune, Chennai, Bengaluru",,"['Kolkata', 'Mumbai', 'New Delhi', 'Hyderabad', 'Pune', 'Chennai', 'Bengaluru']",Machine Learning Engineer,3.5,
machine learning engineer,Machine Learning Engineer,2-5 years,Mumbai,,"['Python', 'Consulting', 'Artificial Intelligence', 'Machine Learning', 'Natural Language Processing', 'Operations Research', 'Analytical', 'Data Structures', 'Data Modeling']",Machine Learning Engineer,3.5,
machine learning engineer,Machine Learning engineer,2-7 years,Bangalore / Bengaluru,,"['Python', 'AWS', 'Machine Learning', 'Management', 'Cloud']",Machine Learning Engineer,4.5,
